##ANSYS Fluent 24.1.0,,,
##,,,
##Generated on: 06:26:30,16-Sep-0024,,
##,,,
##Generated from case: FLTG.1-Setup-Output.cas.h5,,,
##,,,
[Name],,,
inlet_vel,,,
[Data],,,
x,y,z,u1
-0.005237015,0.003105579,-0.074906394,0.0032423968218852
-0.005675185,0.002875869,-0.074906394,0.00452501374613793
-0.005594587,0.003878398,-0.074906394,-3.62435805237067e-06
-0.005279499,0.003197081,-0.074906394,0.0016976941774443
-0.00612211,0.00266284,-0.074906394,0.00107420627438435
-0.005714571,0.002972098,-0.074906394,0.00309140052182937
-0.005558486,0.003783568,-0.074906394,-4.46824973969793e-05
-0.006064977,0.003702061,-0.074906394,-4.66184981475282e-06
-0.005330301,0.003306536,-0.074906394,0.000254520563123589
-0.006580196,0.00247437,-0.074906394,0.0111391983920794
-0.006156232,0.002761104,-0.074906394,0.00129464003420224
-0.005761615,0.003087103,-0.074906394,0.00164260012127132
-0.005514883,0.003669074,-0.074906394,-0.000101553985969564
-0.00603333,0.003603,-0.074906394,-1.43519204555023e-05
-0.00654488,0.003553416,-0.074906394,0
-0.005329678,0.003447304,-0.074906394,0.000194335170298774
-0.005501305,0.00351839,-0.074906394,-0.00017564320433715
-0.007050554,0.00231781,-0.074906394,0.00907376200619735
-0.006608326,0.002574536,-0.074906394,0.010849115863801
-0.006196947,0.002878456,-0.074906394,0.00152717130063468
-0.005791445,0.003245429,-0.074906394,0.000131816364902808
-0.005995091,0.003483347,-0.074906394,-3.27470812195329e-05
-0.006519183,0.003452644,-0.074906394,0
-0.007032951,0.003434628,-0.074906394,-0.000200463909548793
-0.007532655,0.002200614,-0.074906394,0.0063418860996086
-0.005976557,0.003323387,-0.074906394,-5.40710737340113e-05
-0.007072111,0.002419601,-0.074906394,0.0101508895414113
-0.006641861,0.002694084,-0.074906394,0.0106437519860277
-0.006235122,0.003047391,-0.074906394,0.00116590184346709
-0.006488121,0.003330881,-0.074906394,0
-0.007013604,0.003332428,-0.074906394,-0.00023167100078802
-0.007527845,0.003349596,-0.074906394,-0.000718687057526511
-0.008023618,0.002129277,-0.074906394,0.00805756902598384
-0.007547208,0.002303609,-0.074906394,0.00718498512072297
-0.006461588,0.003155255,-0.074906394,0.00151855724192889
-0.007097794,0.002541028,-0.074906394,0.0115786575888994
-0.006688492,0.002877034,-0.074906394,0.00791274060996282
-0.006990208,0.003208898,-0.074906394,0.00124762764034232
-0.007515248,0.003246324,-0.074906394,-0.000216551803263684
-0.008027535,0.003301936,-0.074906394,-0.00147992688908872
-0.008519012,0.002108277,-0.074906394,0.00857403417826473
-0.008030663,0.00223297,-0.074906394,0.0073045803864393
-0.007564539,0.002426427,-0.074906394,0.008042056575393
-0.006956477,0.003015295,-0.074906394,0.00539760107875285
-0.00715139,0.00274002,-0.074906394,0.0116928161510842
-0.007500012,0.003121462,-0.074906394,0.00216039972555332
-0.00802196,0.003198043,-0.074906394,-0.000786925553951319
-0.008529539,0.003292443,-0.074906394,-0.00222631082819799
-0.009014025,0.002138737,-0.074906394,0.00363493294753663
-0.008518091,0.002212106,-0.074906394,0.00715658656027003
-0.008039055,0.00235658,-0.074906394,0.0063789636209665
-0.00762277,0.002642433,-0.074906394,0.00878640344322601
-0.007460942,0.002908921,-0.074906394,0.0065137697615166
-0.009504222,0.002217737,-0.074906394,-0.000504142764723054
-0.008015217,0.003072406,-0.074906394,0.000410708383649337
-0.00853103,0.003188431,-0.074906394,-0.00182441396944834
-0.009031357,0.003319175,-0.074906394,-0.00266933920567167
-0.009005189,0.002242132,-0.074906394,0.00282391274561012
-0.008517004,0.002335861,-0.074906394,0.00546440859428089
-0.008056319,0.002558512,-0.074906394,0.00478287776519316
-0.007977989,0.00283708,-0.074906394,0.00282476136398722
-0.009985958,0.002339678,-0.074906394,-0.00405522205665585
-0.009488071,0.002320227,-0.074906394,-0.00144841843066215
-0.008532837,0.003062637,-0.074906394,-0.00118219044230447
-0.009039904,0.00321552,-0.074906394,-0.00267990703326435
-0.009530475,0.003380301,-0.074906394,-0.00250464523811626
-0.008994679,0.002365403,-0.074906394,0.00183176487782018
-0.008515276,0.002545436,-0.074906394,0.00259177337241117
-0.008581042,0.002820782,-0.074906394,-8.54837038357104e-05
-0.010457029,0.002497993,-0.074906394,-0.00724810853804485
-0.00996314,0.0024409,-0.074906394,-0.00531578246654476
-0.00946884,0.002442482,-0.074906394,-0.00254796089205725
-0.009050245,0.003090154,-0.074906394,-0.0023089118988681
-0.00954604,0.003277469,-0.074906394,-0.00301525402615661
-0.010024237,0.003475231,-0.074906394,-0.000794620083089922
-0.008941409,0.002597024,-0.074906394,3.89750175840176e-05
-0.009089885,0.002860947,-0.074906394,-0.00173055763947366
-0.010917083,0.00268583,-0.074906394,-0.00905608136895057
-0.010428093,0.002597692,-0.074906394,-0.00878071576175788
-0.009935946,0.002561708,-0.074906394,-0.00678542268983894
-0.009416598,0.002660304,-0.074906394,-0.00426100328375823
-0.009564867,0.003153105,-0.074906394,-0.00358075883718911
-0.01004667,0.003373685,-0.074906394,-0.000886800747376188
-0.010510212,0.003603409,-0.074906394,0.00106066342830783
-0.011367136,0.002896687,-0.074906394,-0.00428514219315672
-0.009600386,0.002938695,-0.074906394,-0.00474354554362097
-0.010882621,0.002783847,-0.074906394,-0.00687100527266843
-0.010393579,0.002716748,-0.074906394,-0.00897229818510014
-0.009887757,0.002765493,-0.074906394,-0.00696886527571519
-0.010073806,0.00325089,-0.074906394,-0.00125361376558565
-0.010539274,0.003503582,-0.074906394,0.00159695655645887
-0.010986725,0.00376321,-0.074906394,0.000791466179495258
-0.01180893,0.003125106,-0.074906394,7.05072161546472e-05
-0.011327782,0.002992957,-0.074906394,-0.00358203882485936
-0.010104352,0.003051913,-0.074906394,-0.00379583504993237
-0.010841474,0.002900969,-0.074906394,-0.00406089319443615
-0.010351455,0.002907786,-0.074906394,-0.00564738957239775
-0.012243981,0.003366777,-0.074906394,0.00477130974123364
-0.010574427,0.003382872,-0.074906394,0.00235911089466595
-0.01102217,0.003665485,-0.074906394,0.00120689580058606
-0.011452724,0.003952194,-0.074906394,1.32876333529864e-05
-0.011765454,0.003219704,-0.074906394,0.000258480496664051
-0.011280748,0.003108074,-0.074906394,-0.0023388462156576
-0.010599558,0.003197669,-0.074906394,0.00137940675345013
-0.010805882,0.003082604,-0.074906394,0.00020372295847952
-0.012673198,0.00361877,-0.074906394,0.00241804116970179
-0.012197013,0.003459776,-0.074906394,0.00477818798869733
-0.011065048,0.003547312,-0.074906394,0.00146681285626729
-0.011494304,0.003856903,-0.074906394,-5.56471406783308e-05
-0.011907751,0.004168346,-0.074906394,0.00162407755112441
-0.011713444,0.0033329,-0.074906394,3.49711688378018e-05
-0.011211345,0.003211342,-0.074906394,-0.000490129990806202
-0.01113209,0.003359422,-0.074906401,0.00134937963171741
-0.013097321,0.003879573,-0.074906394,0.00163320341676007
-0.012623054,0.003710151,-0.074906394,0.00246948666968956
-0.012140818,0.003571132,-0.074906394,0.0047745240663319
-0.011544622,0.003741634,-0.074906394,-0.000306541980493467
-0.011955686,0.004076091,-0.074906394,0.00234737299706197
-0.01235101,0.004410455,-0.074906394,0.0012184095240318
-0.011593509,0.003426359,-0.074906394,-0.0013614033512826
-0.011644134,0.003622834,-0.074906394,0.000143037599617205
-0.013516854,0.004148263,-0.074906394,0.00342038945158943
-0.013044355,0.003969407,-0.074906394,0.00203196374428321
-0.012563057,0.003819635,-0.074906394,0.00251850425323604
-0.012038769,0.003679125,-0.074906394,0.00442545136637033
-0.01201375,0.003964389,-0.074906394,0.00336847098210849
-0.012406072,0.004322287,-0.074906394,0.00164528250104966
-0.012780298,0.004677862,-0.074906394,0.00201390871928095
-0.012103589,0.003864566,-0.074906394,0.00426319146632523
-0.013932054,0.004423951,-0.074906394,0.00336014981790054
-0.013461491,0.004236704,-0.074906394,0.00378637953609498
-0.012980909,0.00407707,-0.074906394,0.00240800968062188
-0.012473044,0.003918978,-0.074906394,0.00267850691772842
-0.012472843,0.004215391,-0.074906394,0.00199706242470802
-0.012842936,0.0045949,-0.074906394,0.00268131739357521
-0.013192488,0.004971238,-0.074906394,0.0022669516766628
-0.014343151,0.004705951,-0.074906394,-2.83771655135723e-05
-0.012567969,0.004105055,-0.074906394,0.00213862563784127
-0.013874557,0.004511079,-0.074906394,0.00369138527145946
-0.013395115,0.004342727,-0.074906394,0.00437326867737422
-0.012855074,0.004121362,-0.074906394,0.00234196898631388
-0.012918958,0.004494187,-0.074906394,0.00353940373380714
-0.013262762,0.004894611,-0.074906394,0.00300275622461256
-0.01358271,0.005292913,-0.074906394,0.00396784594823715
-0.014749989,0.004993889,-0.074906394,-0.00144380929158205
-0.014283638,0.004791756,-0.074906394,5.06386351426613e-05
-0.013026563,0.004362566,-0.074906394,0.00362935531179653
-0.013805613,0.00461555,-0.074906394,0.00463841241555694
-0.013324465,0.004427613,-0.074906394,0.00500465304494907
-0.013348118,0.004801476,-0.074906394,0.00396959811456184
-0.013943776,0.005646087,-0.074906394,0.00271524593388116
-0.013660491,0.005223795,-0.074906394,0.00529108095212522
-0.015151975,0.005287919,-0.074906394,0.00279861466380568
-0.015548345,0.005588873,-0.074906394,0.0125470066496033
-0.014688436,0.005078253,-0.074906394,-0.00285293380884675
-0.014212283,0.004894642,-0.074906394,0.000653725739350115
-0.013402465,0.004629342,-0.074906394,0.00474812701849566
-0.013769941,0.004780024,-0.074906394,0.00565835447144915
-0.014267355,0.00603415,-0.074906394,0.00278676969461737
-0.01375505,0.005139676,-0.074906394,0.00713334048586429
-0.014028646,0.005585637,-0.074906394,0.00344845876000949
-0.015088146,0.005370562,-0.074906394,0.00117274013809629
-0.015937921,0.005898255,-0.074906394,0.00739156803204368
-0.015481851,0.005669363,-0.074906394,0.011573785312238
-0.014614683,0.005179405,-0.074906394,-0.00321731466258095
-0.014129357,0.005034441,-0.074906394,0.0020270738950759
-0.013903835,0.005064507,-0.074906394,0.00762542647772925
-0.014543164,0.006458671,-0.074906394,2.72128622893048e-05
-0.01435885,0.005983978,-0.074906394,0.00384424468197951
-0.014131953,0.005511946,-0.074906394,0.00348096174076698
-0.015011772,0.005469649,-0.074906394,-0.000145024500510746
-0.016686715,0.006552178,-0.074906394,0.000393741543470552
-0.016318552,0.006218379,-0.074906394,-0.0019074118761801
-0.018173702,0.008508365,-0.074906394,0.0179564889152448
-0.017940613,0.008075681,-0.074906394,0.00724302050003111
-0.015868319,0.005976025,-0.074906394,0.00631700366328284
-0.01540241,0.005765858,-0.074906394,0.00827276200142013
-0.014756916,0.006916895,-0.074906394,0.00263467748113169
-0.014519605,0.005355783,-0.074906394,-0.000708890009537444
-0.014249901,0.005380743,-0.074906394,0.00183091611089678
-0.0146405,0.006420787,-0.074906394,-6.30586720859233e-05
-0.014470409,0.005922678,-0.074906394,0.00529928167988326
-0.0149112,0.00563925,-0.074906394,-0.000111625156796271
-0.017037999,0.006902704,-0.074906394,-0.000406580540296257
-0.016609743,0.00662241,-0.074906394,-0.000674161484541655
-0.016245445,0.006292766,-0.074906394,-0.00395054591387806
-0.017670279,0.007663486,-0.074906394,0.0050870074882667
-0.017367605,0.007272617,-0.074906394,0.00362967345257077
-0.018365076,0.008959561,-0.074906394,0.0333201121226772
-0.018073626,0.008538424,-0.074906394,0.0204943728986581
-0.017845055,0.008117084,-0.074906394,0.00780084740672822
-0.018261468,0.008976501,-0.074906394,0.0376679667477072
-0.015785243,0.006069216,-0.074906394,0.00450022563105169
-0.015321767,0.0058358,-0.074906394,0.00459172829888166
-0.014888159,0.007401153,-0.074906394,0.00268551307825697
-0.01485855,0.006892969,-0.074906394,0.00338052058809531
-0.014652037,0.005790297,-0.074906401,0.00399248085977346
-0.014759379,0.006374377,-0.074906394,-0.00036483181415239
-0.015141162,0.005999576,-0.074906401,-0.000938334641333438
-0.016956788,0.006967825,-0.074906394,-0.00131513972515385
-0.016517896,0.006706366,-0.074906394,-0.00153885823348487
-0.016158195,0.006381804,-0.074906394,-0.00409157857285605
-0.017579608,0.007714432,-0.074906394,0.00535403505673612
-0.017281789,0.007331397,-0.074906394,0.00341998345833345
-0.01840226,0.009429742,-0.074906394,0.0511729121612564
-0.01835705,0.009880039,-0.074906394,0.0524543881627658
-0.018507607,0.009427549,-0.074906394,0.0438789200850367
-0.018480733,0.009896256,-0.074906394,0.0393146019368765
-0.017954869,0.008574031,-0.074906394,0.021211031513021
-0.017731505,0.008166249,-0.074906394,0.00881373733552744
-0.018138701,0.008996507,-0.074906394,0.0431746757092704
-0.015630882,0.006116635,-0.074906394,0.00376500858156517
-0.014915358,0.007898128,-0.074906394,0.0010251236318101
-0.014992015,0.007392371,-0.074906394,0.00337856887303457
-0.014982846,0.006863579,-0.074906394,0.00416535441245239
-0.014947033,0.006309427,-0.074906394,-0.00103791827732978
-0.015432508,0.006405083,-0.074906401,-0.00224103742593156
-0.016859947,0.007045567,-0.074906394,-0.00144046831469541
-0.016385604,0.006795699,-0.074906394,-0.00203374455291731
-0.015984375,0.006522952,-0.074906401,-0.0033311585624113
-0.017471721,0.007775053,-0.074906394,0.00583480866591585
-0.017179558,0.007401465,-0.074906394,0.00350769719289715
-0.018347934,0.010330783,-0.074906394,0.0438496445937692
-0.018277595,0.009432323,-0.074906394,0.0598506280609401
-0.018271578,0.009888452,-0.074906394,0.0614018706526946
-0.018585339,0.009910096,-0.074906394,0.0279563237257697
-0.018216789,0.010757391,-0.074906394,0.047520674470432
-0.018467488,0.010366545,-0.074906394,0.0297363109470439
-0.017751064,0.00866406,-0.074906394,0.0218655811035695
-0.017619127,0.008260731,-0.074906394,0.0114013030976632
-0.017983224,0.009010041,-0.074906394,0.046752131137593
-0.014829397,0.008387983,-0.074906394,0.000111957046008718
-0.015658757,0.006810513,-0.074906394,-0.00222014156876738
-0.01501909,0.007905096,-0.074906394,0.00122819412598578
-0.015119152,0.007381542,-0.074906394,0.00428529312759331
-0.015205684,0.006829494,-0.074906401,0.00287726172905791
-0.016660292,0.007165942,-0.074906394,0.000595528988607574
-0.016124697,0.007080313,-0.074906401,0.000582998262694421
-0.017338675,0.007933782,-0.074906394,0.00776953679692512
-0.016982522,0.007551041,-0.074906394,0.0048568330348005
-0.017840112,0.011016586,-0.074906394,0.0816726461371765
-0.018201316,0.010279259,-0.074906394,0.0614415158416946
-0.018049907,0.010675201,-0.074906394,0.067035829245907
-0.018081773,0.009935471,-0.074906394,0.0821563662021726
-0.018081956,0.009466102,-0.074906401,0.0740795076964327
-0.017606292,0.009118744,-0.074906401,0.0544711680364782
-0.018568607,0.010397196,-0.074906394,0.017830881134395
-0.017954739,0.011120049,-0.074906394,0.0658246023147414
-0.018328937,0.010812595,-0.074906394,0.0349407413798553
-0.017323716,0.008495539,-0.074906401,0.0150137301834461
-0.014640588,0.00885172,-0.074906394,0.000164149017531209
-0.014930683,0.008410539,-0.074906394,0.000157147525652775
-0.015509181,0.007271022,-0.074906401,0.00536559270249207
-0.015146143,0.007913638,-0.074906394,0.00289302710715898
-0.015235764,0.007340921,-0.074906394,0.0049845768652353
-0.016448993,0.007682648,-0.074906401,0.00664821387129637
-0.015838237,0.007640004,-0.074906394,0.0106473915801063
-0.016905265,0.00801826,-0.074906401,0.00961820133619707
-0.016714958,0.008560299,-0.074906401,0.0111668127317086
-0.017465992,0.011218159,-0.074906401,0.119147122162984
-0.017642885,0.010768622,-0.074906401,0.11001877901232
-0.017846042,0.010312571,-0.074906401,0.0950582186063625
-0.017678607,0.009766487,-0.074906401,0.0978079113074708
-0.017136618,0.009605303,-0.074906401,0.080865227884624
-0.016973058,0.009046256,-0.074906401,0.0319699250987468
-0.018423632,0.010860053,-0.074906394,0.024629829003326
-0.017114595,0.011478582,-0.074906394,0.114615378659244
-0.017592024,0.011393969,-0.074906394,0.0897524391628894
-0.018056393,0.01119281,-0.074906394,0.0521398822360507
-0.016414657,0.008225796,-0.074906394,0.00786260049453626
-0.014371872,0.009278107,-0.074906394,0
-0.014737516,0.008888994,-0.074906394,0.000271857316286101
-0.015054724,0.00843825,-0.074906394,0.00022082384548475
-0.015372429,0.007860993,-0.074906401,0.00743478646465634
-0.015842056,0.008206203,-0.074906401,0.0111266585293579
-0.016142692,0.008642062,-0.074906401,0.00478716561917297
-0.0164623,0.008985283,-0.074906394,0.0158017103136139
-0.017044149,0.01128666,-0.074906394,0.133080591679223
-0.017163346,0.010867597,-0.074906401,0.140610856420473
-0.017279141,0.010262511,-0.074906401,0.128687748604727
-0.016750928,0.00998436,-0.074906394,0.102079077068482
-0.016493266,0.009494937,-0.074906401,0.0435410551407514
-0.018141799,0.01125538,-0.074906394,0.0411659544342808
-0.01668337,0.01152254,-0.074906401,0.118381271488661
-0.017172245,0.011584437,-0.074906394,0.103143903811788
-0.017681206,0.011480521,-0.074906394,0.0727875289559523
-0.014044326,0.009662372,-0.074906394,-3.59228132073604e-05
-0.014463019,0.009328631,-0.074906394,0
-0.01485613,0.008934751,-0.074906394,0.000419296566894062
-0.015292339,0.008473129,-0.074906394,0.00327601394618278
-0.015979694,0.009156803,-0.074906401,0.0100524684953852
-0.015568286,0.008803292,-0.074906401,0.002581254748266
-0.016672235,0.011069466,-0.074906401,0.144317596392498
-0.016690081,0.010514013,-0.074906401,0.146673516059555
-0.016187957,0.010107838,-0.074906401,0.0888420359422257
-0.015920397,0.009620095,-0.074906394,0.0291063396465936
-0.016334465,0.011312929,-0.074906394,0.1227093736468
-0.017755475,0.011554803,-0.074906394,0.0588111261581039
-0.01620326,0.011630004,-0.074906394,0.0913702949784066
-0.016724795,0.011713013,-0.074906394,0.105675114064189
-0.01724836,0.011681313,-0.074906394,0.0910815597813185
-0.013672205,0.010004865,-0.074906394,-0.000439379025613053
-0.014128732,0.009724256,-0.074906394,0.000125679651958018
-0.014574425,0.009390539,-0.074906394,0.000238889421480168
-0.015075579,0.009019842,-0.074906394,0.000764327869626299
-0.015357903,0.009404155,-0.074906401,0.00283219703355183
-0.013266686,0.010308545,-0.074906394,0.000348270677574084
-0.016149867,0.010790662,-0.074906401,0.126185116591335
-0.015731152,0.010430225,-0.074906394,0.0671094389597383
-0.01554433,0.009968837,-0.074906401,0.0274618802368894
-0.015885001,0.011316839,-0.074906401,0.0828402595187118
-0.015736984,0.011675147,-0.074906394,0.0544499573709996
-0.017311189,0.011764109,-0.074906394,0.0806101351436586
-0.016263127,0.01180139,-0.074906394,0.0825007324268828
-0.016788086,0.011818057,-0.074906394,0.099879984623178
-0.013749117,0.010076321,-0.074906394,-0.000554149173144023
-0.014231768,0.009799947,-0.074906394,0.000404311982373759
-0.014781946,0.009499181,-0.074906394,0.00111713885188283
-0.014933166,0.009899231,-0.074906401,0.00372953414141577
-0.012836426,0.010575864,-0.074906394,0.000185305251852384
-0.013335459,0.010388127,-0.074906394,0.000281466074645537
-0.015509623,0.010889786,-0.074906401,0.053269424062678
-0.015165553,0.010420926,-0.074906401,0.0190998555031945
-0.015347261,0.011378824,-0.074906401,0.035057762603384
-0.015253683,0.011736959,-0.074906394,0.0218939008516952
-0.015791457,0.011866553,-0.074906394,0.0486507701863875
-0.016840108,0.011907343,-0.074906394,0.0893949873624701
-0.016314752,0.011912824,-0.074906394,0.072139019249425
-0.013842906,0.010163598,-0.074906394,-0.000727415956897116
-0.014408449,0.009931203,-0.074906394,0.00109321477156472
-0.012387415,0.010808414,-0.074906394,0.000179225400522401
-0.014540445,0.010361397,-0.074906401,0.00312409887692727
-0.012896854,0.010662086,-0.074906394,0.000578904002450442
-0.013419257,0.010485211,-0.074906394,0.000152453585602199
-0.014816796,0.010947736,-0.074906401,0.00963664077693112
-0.014816721,0.011550267,-0.074906401,0.00941204252899792
-0.014833212,0.011846229,-0.074906394,0.00851093903468484
-0.015312831,0.011919469,-0.074906394,0.0203587232988676
-0.015833702,0.011982489,-0.074906394,0.0422709647726936
-0.016357169,0.012007039,-0.074906394,0.0625863712285974
-0.011924062,0.011008341,-0.074906394,-0.00138805106399453
-0.014007175,0.010316178,-0.074906394,-0.000177613202828585
-0.012439947,0.010899701,-0.074906394,0.000451943683145929
-0.014107189,0.010755524,-0.074906401,0.000992821422592238
-0.012970424,0.01076713,-0.074906394,0.00118918998968872
-0.013568831,0.010655959,-0.074906394,0.000175837795168892
-0.014243481,0.011317222,-0.074906401,0.00353054298512428
-0.014313747,0.011822239,-0.074906401,0.00786808081585777
-0.014830913,0.01196651,-0.074906394,0.00700623868715431
-0.015347862,0.012038313,-0.074906394,0.0176628379768419
-0.015868435,0.012080108,-0.074906394,0.0362425130628248
-0.011969553,0.011103304,-0.074906394,-0.0016777535728834
-0.012503824,0.011010744,-0.074906394,0.000945640377536996
-0.013611037,0.011104628,-0.074906401,0.0026486517254566
-0.013102649,0.010972021,-0.074906394,0.00246443860175036
-0.013741302,0.011651792,-0.074906401,0.00662023304731665
-0.01381759,0.011946204,-0.074906394,0.00633667082496321
-0.014346541,0.012012476,-0.074906394,0.00626614400603051
-0.014859919,0.012087302,-0.074906394,0.00546915581665941
-0.0153767,0.012138097,-0.074906394,0.0148824069757327
-0.012024803,0.01121866,-0.074906394,-0.00147171374953679
-0.012607942,0.01123429,-0.074906401,0.00279479544776671
-0.013118627,0.01149244,-0.074906401,0.00652020304285128
-0.01335966,0.011902804,-0.074906394,0.00693538499348692
-0.013858736,0.012061223,-0.074906394,0.00494089791856779
-0.014370603,0.012134641,-0.074906394,0.00529513918495987
-0.014883849,0.01218852,-0.074906394,0.00410857165942059
-0.01207179,0.011398223,-0.074906394,0.00449159245059343
-0.01231358,0.01161384,-0.074906394,0.0111045886622662
-0.012660071,0.011679742,-0.074906394,0.0116094573652364
-0.012877263,0.011963399,-0.074906394,0.0105113172657048
-0.013368577,0.012114309,-0.074906394,0.00428154729832322
-0.01387937,0.012184265,-0.074906394,0.00348273110719531
-0.014390519,0.012236835,-0.074906394,0.0045166906474992
-0.011915701,0.011853307,-0.074906401,0.0176787477547762
-0.012354314,0.012024545,-0.074906401,0.0153451488951843
-0.012877932,0.012171343,-0.074906394,0.00842121939092306
-0.013386831,0.012237833,-0.074906394,0.00273517171814206
-0.013896494,0.012287058,-0.074906394,0.00231091498066554
-0.0119077,0.012167776,-0.074906394,0.0185436103145386
-0.012386288,0.012231194,-0.074906394,0.0140440046504338
-0.012894111,0.012295155,-0.074906394,0.00696784180783788
-0.013402013,0.012340953,-0.074906394,0.00144737219247181
-0.011892475,0.012291775,-0.074906394,0.0189829674705683
-0.012400794,0.012355216,-0.074906394,0.0132442312054809
-0.012907593,0.012398459,-0.074906394,0.00573507182772377
-0.011905966,0.012415937,-0.074906394,0.0192601961202447
-0.012412902,0.012458637,-0.074906394,0.0119778393848018
-0.011917228,0.012519438,-0.074906394,0.0161709954690872
-0.004804029,0.003343692,-0.074906394,0.00393692314446156
-0.004375482,0.003589003,-0.074906394,0.0111434668584573
-0.004843912,0.003421587,-0.074906394,0.00261989372632876
-0.003952929,0.003844959,-0.074906394,0.0118590680389366
-0.004409653,0.003650074,-0.074906394,0.00963282812175521
-0.004891663,0.003514866,-0.074906394,0.0012255791777674
-0.005057339,0.003903333,-0.074906394,0
-0.003535185,0.004108705,-0.074906394,0.00775267258936749
-0.005100171,0.004001346,-0.074906394,0
-0.003985306,0.00389867,-0.074906394,0.0111347358943065
-0.004450598,0.003723261,-0.074906394,0.00794541488684981
-0.004898885,0.003633562,-0.074906394,0.000737363974132526
-0.004993139,0.00375158,-0.074906401,0.00030904130762596
-0.004657669,0.003868622,-0.074906394,0.00330642888601448
-0.004616887,0.004170717,-0.074906394,0.00197076425334938
-0.003120803,0.004376583,-0.074906394,0.00127345745551197
-0.003568726,0.004161604,-0.074906394,0.0069518898686811
-0.005135642,0.004082546,-0.074906394,0
-0.004655206,0.00424663,-0.074906394,0.00130812158485299
-0.004024128,0.003963077,-0.074906394,0.00955218252224782
-0.004490909,0.003834697,-0.074906394,0.00594505315960634
-0.004317521,0.004069821,-0.074906401,0.00530237321119897
-0.00455515,0.004066718,-0.074906394,0.00316422872235976
-0.004174553,0.004431845,-0.074906394,0.000985398187082641
-0.002710169,0.004648786,-0.074906394,-0.000646942434997697
-0.003155279,0.004428775,-0.074906394,0.000775390929241833
-0.00360897,0.004225083,-0.074906394,0.00588472640872357
-0.00468693,0.004309496,-0.074906394,0.000853130643516275
-0.004213223,0.004496821,-0.074906394,4.07533189499709e-06
-0.004086182,0.004066782,-0.074906394,0.00720238018626888
-0.003972044,0.004288345,-0.074906394,0.00393558534924666
-0.004134183,0.004320138,-0.074906394,0.0028045083893907
-0.003732826,0.00469255,-0.074906394,0
-0.002306306,0.004928743,-0.074906394,-0.00036609370425137
-0.002745497,0.004700294,-0.074906394,-0.000523048433030475
-0.00319666,0.00449143,-0.074906394,6.97196077505024e-05
-0.003673339,0.004349349,-0.074906401,0.00341206711091905
-0.004245216,0.004550588,-0.074906394,0
-0.003775913,0.004754681,-0.074906394,0
-0.003692188,0.004561275,-0.074906401,0
-0.003456849,0.004593412,-0.074906394,0
-0.003302306,0.00497274,-0.074906394,0
-0.001911358,0.005218653,-0.074906394,0.00022309498808167
-0.002346788,0.004985358,-0.074906394,-0.000227869809272725
-0.002787903,0.004762135,-0.074906394,-0.000391429448728279
-0.003245405,0.004619944,-0.074906401,0
-0.003811546,0.004806066,-0.074906394,0
-0.003349885,0.005031475,-0.074906394,0
-0.003035483,0.004874194,-0.074906394,-5.91074509092907e-05
-0.003249189,0.004844034,-0.074906401,0
-0.00288656,0.005274806,-0.074906394,0
-0.001522398,0.005514371,-0.074906394,0.000606547939159773
-0.001963285,0.005288361,-0.074906394,0.000175183263686462
-0.002395381,0.005053338,-0.074906394,-7.52706112028212e-05
-0.002845717,0.004875136,-0.074906394,-0.000215400766636719
-0.003389216,0.005080026,-0.074906394,0
-0.002938626,0.005329577,-0.074906394,0
-0.00113857,0.005814538,-0.074906394,0
-0.002471155,0.005590598,-0.074906394,3.56597481818358e-06
-0.00278377,0.005148,-0.074906401,0
-0.001583608,0.00559335,-0.074906394,0.00031999597863955
-0.002025605,0.005372058,-0.074906394,0.000124837070415199
-0.0024516,0.005316125,-0.074906394,1.72137903646481e-05
-0.002490994,0.005139665,-0.074906394,7.76075413069061e-06
-0.002981631,0.005374811,-0.074906394,0
-0.002535992,0.005646365,-0.074906394,0
-0.000394727,0.006437149,-0.074906394,0
-0.000762382,0.006121948,-0.074906394,0
-0.001203291,0.005894329,-0.074906394,0
-0.002056411,0.00592346,-0.074906394,0
-0.002387899,0.005514984,-0.074906394,1.82880525284257e-05
-0.001657047,0.005688159,-0.074906394,5.99043348974876e-05
-0.002136732,0.005484958,-0.074906401,6.46200392669998e-05
-0.002589521,0.005692382,-0.074906394,0
-0.002144933,0.005985292,-0.074906394,0
0.00278849,0.010999601,-0.074906394,0.0619489789439056
-3.51e-05,0.006759127,-0.074906394,-4.29561685767369e-05
0.002621508,0.011445861,-0.074906394,0.0322842424592571
0.002793043,0.010521333,-0.074906394,0.0957354160400271
0.002296801,0.011803588,-0.074906394,0.0235970240517739
0.002487082,0.009617566,-0.074906394,0.112266068205885
0.002680174,0.010055552,-0.074906394,0.116070895312863
-0.000463694,0.006513112,-0.074906394,0
-0.000829126,0.006199946,-0.074906394,0
-0.001280918,0.005990086,-0.074906394,0
-0.001686001,0.006304117,-0.074906394,0
-0.001977689,0.005820013,-0.074906394,0
-0.001730724,0.005822555,-0.074906394,0
-0.001793568,0.006364115,-0.074906394,0
-0.002217942,0.006036211,-0.074906394,0
0.002687631,0.010982566,-0.074906394,0.062139939674983
0.001334623,0.008101965,-0.074906394,0.00811296117592932
0.000317283,0.007086703,-0.074906394,0
0.001002987,0.007757177,-0.074906394,0.00511538887069308
0.000663344,0.007419254,-0.074906394,0.00207086039410951
-0.000106396,0.006832899,-0.074906394,-3.31361658238486e-06
0.002525066,0.011410356,-0.074906394,0.0355918469042389
0.002691076,0.010520723,-0.074906394,0.0927590560821801
0.002240557,0.009208407,-0.074906394,0.0912906619782113
0.001959313,0.008823142,-0.074906394,0.0487189783047171
0.001655007,0.008456006,-0.074906394,0.0259233255076992
0.001883548,0.012063893,-0.074906394,0.00765254178149565
0.002208785,0.011750136,-0.074906394,0.0245534115856344
0.001436276,0.012259048,-0.074906394,0.00100228968416785
0.002388667,0.009644304,-0.074906394,0.107565064046479
0.002579112,0.010069459,-0.074906394,0.109726977029277
-0.000546369,0.006604222,-0.074906394,0
-0.000909155,0.006293523,-0.074906394,0
-0.001383122,0.006740087,-0.074906394,0
-0.001394393,0.006163149,-0.074906394,0
-0.001611226,0.006184454,-0.074906394,0
-0.001499735,0.00678796,-0.074906394,0
-0.001882111,0.006413377,-0.074906394,0
0.002568876,0.010961959,-0.074906394,0.0622314145089872
0.001251853,0.008162317,-0.074906394,0.00613862866120352
0.000243547,0.007158025,-0.074906394,0
0.000923525,0.007821998,-0.074906394,0.00373058601242228
0.000586889,0.007487658,-0.074906394,0.00132994464587532
-0.000191813,0.006921349,-0.074906394,0
-0.001147701,0.007216801,-0.074906394,0
0.002411574,0.011368304,-0.074906394,0.0388950775994188
0.002570765,0.010519391,-0.074906394,0.089265160300457
0.0021458,0.009246171,-0.074906394,0.089276655852516
0.001868628,0.008870087,-0.074906394,0.0491443869026132
0.001568473,0.008510493,-0.074906394,0.0247419411121565
0.001806641,0.011995687,-0.074906394,0.00757140166849853
0.002105071,0.011687279,-0.074906394,0.0239390625040075
0.000972978,0.012414442,-0.074906394,3.8597911195376e-06
0.001371435,0.012179421,-0.074906394,0.00112629463765796
0.002271976,0.009675501,-0.074906394,0.101661803250525
0.00245957,0.010085332,-0.074906394,0.102456000766962
-0.000713875,0.006708606,-0.074906394,0
-0.001036168,0.006392221,-0.074906394,0
-0.001185716,0.006631292,-0.074906401,0
-0.001269835,0.007248926,-0.074906394,0
-0.001595544,0.006827152,-0.074906394,0
0.00049967,0.012542211,-0.074906394,0
0.002458348,0.010940741,-0.074906394,0.0622706212816
0.001152962,0.008234315,-0.074906394,0.00506799652364814
0.000155211,0.007243483,-0.074906394,0
0.000828469,0.007899487,-0.074906394,0.00224983977249343
0.000495353,0.007569543,-0.074906394,0.00013617931690816
-0.000334903,0.007037116,-0.074906394,0
-0.000747757,0.006984747,-0.074906394,0
-0.000991775,0.007725344,-0.074906394,0
-0.000963703,0.00718914,-0.074906394,0
0.002248897,0.011275665,-0.074906401,0.0428541603464743
0.002420567,0.010551513,-0.074906394,0.0836708426935531
0.002262936,0.010890374,-0.074906394,0.0623805238531708
0.0020332,0.00929064,-0.074906394,0.0862356650962353
0.001760654,0.008925687,-0.074906394,0.0488973703819017
0.001465253,0.008575294,-0.074906394,0.022920740433674
0.00171585,0.011915535,-0.074906394,0.00683978872005862
0.002023218,0.011612055,-0.074906394,0.0244440415940092
0.001921846,0.011452043,-0.074906394,0.0276518029976968
0.00091977,0.012326437,-0.074906394,0.000168788934122473
0.001294807,0.012085637,-0.074906394,0.000965771113707693
0.002087379,0.00974748,-0.074906394,0.0909132350774501
0.002276187,0.010146378,-0.074906394,0.0907289484441709
-0.001117494,0.007739905,-0.074906394,0
-0.001370018,0.007275143,-0.074906394,0
1.86e-05,0.012646402,-0.074906394,0
0.000457101,0.01244827,-0.074906394,0
0.001060731,0.008349178,-0.074906394,0.00473457935224717
7.75e-07,0.007401748,-0.074906394,0
0.000724994,0.008066972,-0.074906394,0.000390855967325451
0.00036994,0.00772826,-0.074906394,-0.000359807522698516
-0.000517536,0.007356886,-0.074906401,0
-0.000931685,0.008253546,-0.074906394,0
-0.000798891,0.007681215,-0.074906394,0
0.002070283,0.010514289,-0.074906401,0.0731976095790662
0.001867201,0.011019091,-0.074906401,0.04412394084938
0.001869144,0.009358211,-0.074906394,0.0807961090327736
0.001681924,0.008998255,-0.074906394,0.0498932119454502
0.001654679,0.009640059,-0.074906401,0.0690516249554938
0.00186185,0.010081897,-0.074906401,0.076225511360088
0.001325647,0.008712205,-0.074906401,0.0209223040405564
0.00150601,0.009173595,-0.074906401,0.0501975801998072
0.001075766,0.009003477,-0.074906394,0.0213722411537536
0.001618394,0.01175331,-0.074906401,0.00853274127184321
0.001557759,0.011406144,-0.074906394,0.0202778543614687
0.000856857,0.012222461,-0.074906394,0.000657255935166302
0.001222309,0.011933999,-0.074906394,0.000584836812571643
-0.000468203,0.01272942,-0.074906394,-1.56255433447827e-05
-0.001058449,0.00824914,-0.074906394,0
-0.001220461,0.007751721,-0.074906394,0
-0.000959076,0.012795033,-0.074906394,6.83104626246109e-05
-1.46e-05,0.012548451,-0.074906394,0
0.000406753,0.012336951,-0.074906394,0.00110287114476092
0.000790218,0.008589985,-0.074906401,0.004811421344753
2.32e-05,0.007863094,-0.074906394,-0.000180214101687707
0.000324288,0.008219811,-0.074906401,-0.000810174631927137
-0.000435453,0.007866736,-0.074906394,0
-0.000977755,0.008783086,-0.074906394,5.49300249364177e-05
-0.000708655,0.008231595,-0.074906394,1.8934605094549e-06
0.001542021,0.010534939,-0.074906401,0.053739900182726
0.001278893,0.01102356,-0.074906401,0.0274850332083445
0.001098245,0.00951699,-0.074906401,0.0401375956411256
0.001260395,0.010028406,-0.074906401,0.0526957864223986
0.00060583,0.009224666,-0.074906401,0.0150102588095092
0.00111254,0.011610703,-0.074906401,0.00496503467122235
0.000809675,0.012017111,-0.074906394,0.00179601369793558
-0.000493734,0.012628913,-0.074906394,-2.2319688967553e-05
-0.001452774,0.012846621,-0.074906394,0.000449373069366809
-0.001102665,0.00875926,-0.074906394,0
-0.001249238,0.009249964,-0.074906394,0.0016692431174179
-0.00116216,0.008245471,-0.074906394,0
-0.001948367,0.012886451,-0.074906394,0.00123325603899838
-0.000978495,0.01269296,-0.074906394,0.000107815267043381
-5.39e-05,0.012432065,-0.074906394,0
0.000355836,0.012134555,-0.074906394,0.00378103188795628
0.000547015,0.011703841,-0.074906401,0.00796858325850042
0.000711678,0.011112135,-0.074906401,0.0164097686104444
0.000169436,0.008825426,-0.074906401,0.00223748268744315
-0.000286849,0.008417624,-0.074906401,0.000426165107091975
-0.001129131,0.009292515,-0.074906394,0.00171517018758377
-0.00074503,0.00879425,-0.074906394,7.76856920598448e-05
3.04e-05,0.009475363,-0.074906401,0.00730034125138472
0.000919634,0.010513882,-0.074906401,0.0330647679782272
0.000562364,0.009917009,-0.074906401,0.0231380385331858
-0.001375829,0.009763286,-0.074906394,0.00497325256032737
-0.000523923,0.012509213,-0.074906394,-3.12589119604843e-05
-0.001467404,0.012743608,-0.074906394,0.000746260416103182
-0.001488603,0.009703592,-0.074906394,0.00355685069980064
-0.001204819,0.008739771,-0.074906394,0
-0.001347498,0.009215213,-0.074906394,0.00150351550832185
-0.002445194,0.012916747,-0.074906394,0.00225018202197815
-0.001959172,0.01278287,-0.074906394,0.00216712683866391
-0.002942914,0.01293998,-0.074906394,0.00170611674154488
-0.001001457,0.012571165,-0.074906394,0.000162787884602322
6.38e-05,0.011834799,-0.074906401,0.00865942945094304
-0.000100101,0.012234013,-0.074906394,0.00295210612470912
-0.000145352,0.010117169,-0.074906401,0.00514832941923611
0.000266849,0.010599387,-0.074906401,0.0144739552318949
0.000144759,0.011233356,-0.074906401,0.0132319497289723
-0.000275709,0.011442418,-0.074906394,0.00970642400776273
-0.000430196,0.009077216,-0.074906401,0.00190999539168326
-0.000602496,0.009667076,-0.074906401,0.00343244649242334
-0.000909915,0.009350538,-0.074906394,0.00170020085056437
-0.001700486,0.010185015,-0.074906394,0.00221266065674558
-0.00114846,0.009910384,-0.074906401,0.00616037219470295
-0.00073175,0.010198379,-0.074906394,0.00352651034124882
-0.000444623,0.01082211,-0.074906401,0.00503747495361781
-0.000406882,0.011935688,-0.074906401,0.00608812591441328
-0.000564552,0.012310793,-0.074906394,0.00117300293221596
-0.001484711,0.012620518,-0.074906394,0.00114502481396375
-0.002082441,0.010555455,-0.074906394,0.00023131797215747
-0.001804147,0.010110458,-0.074906394,0.00125894516143189
-0.001580946,0.009654829,-0.074906394,0.0025441144959368
-0.003940001,0.012971796,-0.074906394,0.00179576198545241
-0.002452956,0.012812831,-0.074906394,0.0043066816938755
-0.001971972,0.012658976,-0.074906394,0.00334812833685419
-0.003441246,0.012958075,-0.074906394,0.00188037965238527
-0.002948376,0.012835906,-0.074906394,0.00352794263405731
-0.001035538,0.012372759,-0.074906394,0.000647024367005966
-0.000709056,0.011464532,-0.074906401,0.00446141623742395
-0.001136384,0.010524706,-0.074906401,0.00280454201768403
-0.001583375,0.010379165,-0.074906394,0.00260885195617722
-0.001037962,0.011062441,-0.074906394,0.00289961928770103
-0.001216575,0.011539499,-0.074906401,0.00401335979778375
-0.000871198,0.011992835,-0.074906401,0.00378646695656767
-0.001983845,0.010658321,-0.074906394,0.00082874908135381
-0.001517172,0.01242275,-0.074906394,0.00191952313031096
-0.002175954,0.010468427,-0.074906394,6.52820139914821e-05
-0.002504764,0.010877075,-0.074906394,0.00407199282232104
-0.002955651,0.011153596,-0.074906394,0.00710769639373424
-0.001889126,0.010049496,-0.074906394,0.000312466286274134
-0.004439126,0.012980939,-0.074906394,0.00123504517991949
-0.004938533,0.012984809,-0.074906394,0.000641435042031069
-0.003942187,0.012867741,-0.074906394,0.00481431797764386
-0.00643717,0.012956986,-0.074906394,0.000378669825337193
-0.005937702,0.01297345,-0.074906394,0.000386060925491986
-0.005438095,0.012982581,-0.074906394,0.00041370088723439
-0.002462175,0.012688437,-0.074906394,0.00681479754560617
-0.002014964,0.012452772,-0.074906394,0.00574734800397348
-0.003444932,0.012853974,-0.074906394,0.00441576753143456
-0.002954881,0.012711245,-0.074906394,0.00569897776043423
-0.001342503,0.012064953,-0.074906401,0.0031466105137351
-0.001689213,0.01099663,-0.074906401,0.00265819188838121
-0.001649382,0.011642313,-0.074906394,0.00530424940643362
-0.002147273,0.011563043,-0.074906401,0.00799160397406713
-0.002367417,0.011057436,-0.074906401,0.00602592376530288
-0.001860053,0.012105419,-0.074906401,0.00567630783610198
-0.002755093,0.011584007,-0.074906401,0.0139527875035601
-0.002908411,0.011284481,-0.074906394,0.00951366465036812
-0.003427352,0.011387439,-0.074906394,0.0106679690530659
-0.002252704,0.010397179,-0.074906394,-3.58773380160453e-05
-0.002587652,0.01077985,-0.074906394,0.00246947986467923
-0.003027828,0.01104821,-0.074906394,0.00556518319650444
-0.006936318,0.012933657,-0.074906394,0.000434825344293231
-0.010425232,0.012681261,-0.074906394,0.0101096646258193
-0.009926857,0.012724888,-0.074906394,0.00655837045808301
-0.00444,0.012876951,-0.074906394,0.00371930486214767
-0.0049382,0.012880884,-0.074906394,0.00203754617706466
-0.003944804,0.01274303,-0.074906394,0.0084285779500749
-0.006433436,0.012853208,-0.074906394,0.000900748458147486
-0.005935068,0.012869627,-0.074906394,0.00106508222661773
-0.005436598,0.012878709,-0.074906394,0.00127562645368395
-0.002447012,0.01217392,-0.074906401,0.012085702973505
-0.002441522,0.012541967,-0.074906394,0.00949119410258332
-0.003449332,0.012729232,-0.074906394,0.00747753548545506
-0.002905424,0.012507865,-0.074906394,0.00944085311422128
-0.003085175,0.012084592,-0.074906401,0.0172525889383438
-0.003303132,0.011606808,-0.074906401,0.0185781478452796
-0.003914483,0.011580499,-0.074906394,0.0197484829271178
-0.003489009,0.011275657,-0.074906394,0.00588455951685249
-0.002655753,0.01070015,-0.074906394,0.00122779985535507
-0.003087188,0.010961717,-0.074906394,0.00438254991075581
-0.011420568,0.012578125,-0.074906394,0.0171614056563368
-0.010923209,0.012632442,-0.074906394,0.0146439601136652
-0.004412742,0.011735258,-0.074906394,0.0300375639843023
-0.007933529,0.012872127,-0.074906394,0.00207491628320505
-0.007435095,0.012904764,-0.074906394,0.000829178643788044
-0.008431775,0.01283755,-0.074906394,0.004417407481268
-0.006931556,0.01282992,-0.074906394,0.000889929639833881
-0.008930034,0.012801843,-0.074906394,0.00451591611734646
-0.009428399,0.012764625,-0.074906394,0.00481757079879479
-0.010415855,0.012577584,-0.074906394,0.0130035861516507
-0.009918077,0.01262117,-0.074906394,0.00871821304893807
-0.004918605,0.011853862,-0.074906394,0.0332504471747774
-0.004441051,0.012752307,-0.074906394,0.00669176847638621
-0.004937808,0.012756312,-0.074906394,0.00371194624948596
-0.004390765,0.012109051,-0.074906401,0.0249646215100282
-0.003918374,0.011794026,-0.074906401,0.030468116777524
-0.003925124,0.012613609,-0.074906394,0.012232252720862
-0.00440471,0.011843118,-0.074906394,0.033232394820386
-0.005942097,0.011992019,-0.074906394,0.0187869983056595
-0.005429155,0.011938278,-0.074906394,0.0259480341252478
-0.006428964,0.012728827,-0.074906394,0.0015298106317919
-0.005931918,0.012745191,-0.074906394,0.00188075255214214
-0.005434813,0.012754209,-0.074906394,0.00231292406920027
-0.003542369,0.012038576,-0.074906394,0.023791992038353
-0.00393675,0.012306708,-0.074906401,0.0203745011514415
-0.003464845,0.012486634,-0.074906401,0.0135947358898216
-0.003966085,0.01146382,-0.074906394,0.0140902440332615
-0.003539769,0.011183813,-0.074906394,0.00233164726865455
-0.011409914,0.012474561,-0.074906394,0.0209343830613592
-0.010913193,0.012528818,-0.074906394,0.0183538070829949
-0.00445493,0.011614922,-0.074906394,0.0237336676918437
-0.00495206,0.011730957,-0.074906394,0.0305626522831659
-0.005454586,0.011813696,-0.074906394,0.0311226438312473
-0.005960285,0.011866328,-0.074906394,0.0228850860062165
-0.006467463,0.011893505,-0.074906394,0.0159197357581601
-0.011488697,0.011276209,-0.074906394,-0.000189574441555374
-0.006975008,0.011900004,-0.074906394,0.0101777133776123
-0.010999732,0.011421516,-0.074906394,0.00270228738436141
-0.010504998,0.011542,-0.074906394,0.00209355236521436
-0.010006043,0.011640376,-0.074906394,0.000890616737498493
-0.006455785,0.012019916,-0.074906394,0.0129452350438105
-0.007927066,0.012768423,-0.074906394,0.00338271983183856
-0.00748232,0.011890114,-0.074906394,0.00673416616163341
-0.007429414,0.01280106,-0.074906394,0.00148578554148056
-0.008424657,0.012733822,-0.074906394,0.00672542109344105
-0.007989078,0.011866719,-0.074906394,0.00626847311053559
-0.006969248,0.012026781,-0.074906394,0.00840945424022316
-0.006925851,0.012705592,-0.074906394,0.00143414646642468
-0.008495113,0.011830849,-0.074906394,0.00632348029129828
-0.009504114,0.01171946,-0.074906394,0.000796625858990567
-0.009000257,0.011782194,-0.074906394,0.00248576535366855
-0.008922343,0.012698101,-0.074906394,0.00657068189424573
-0.00942017,0.012660888,-0.074906394,0.00668376074017538
-0.010404608,0.012453234,-0.074906394,0.0164336186033796
-0.009907544,0.012496784,-0.074906394,0.0112745705244133
-0.01003283,0.011764627,-0.074906394,0.00133686351165082
-0.004883325,0.012037274,-0.074906401,0.0253995629601621
-0.004406465,0.012565418,-0.074906401,0.0115075622163015
-0.004802339,0.012345705,-0.074906394,0.0129310465665915
-0.004964295,0.012597534,-0.074906394,0.00572645755934473
-0.00533126,0.012344402,-0.074906401,0.00910588110558799
-0.005941669,0.012199722,-0.074906401,0.0116490259069596
-0.00538573,0.012055341,-0.074906394,0.0212107857427334
-0.00640208,0.012465708,-0.074906394,0.00290483998320217
-0.005862596,0.012544719,-0.074906394,0.0032791331724276
-0.005406264,0.012642264,-0.074906394,0.00335802258131934
-0.004008607,0.011367855,-0.074906394,0.00935922293627372
-0.011397144,0.01235032,-0.074906394,0.0218423758494299
-0.011536038,0.011394798,-0.074906394,0.00344521229401249
-0.011039616,0.011542605,-0.074906394,0.00493671549692841
-0.010901185,0.012404519,-0.074906394,0.0217055224106094
-0.010538065,0.011664912,-0.074906394,0.00319835236813369
-0.004489726,0.011515859,-0.074906394,0.018558458022763
-0.004979677,0.011629691,-0.074906394,0.0252525552262078
-0.005475599,0.01171097,-0.074906394,0.0267150429890933
-0.005975328,0.011762619,-0.074906394,0.0227801822279212
-0.006477131,0.011789143,-0.074906394,0.0170826341426808
-0.006979783,0.011795299,-0.074906394,0.0109434623650799
-0.007482563,0.011785291,-0.074906394,0.00652292111494483
-0.007984978,0.011761953,-0.074906394,0.00514244715599828
-0.008486711,0.011726317,-0.074906394,0.00471816615121783
-0.008987466,0.011678093,-0.074906394,0.00164026176810237
-0.009486794,0.011616002,-0.074906394,0.000405865589946937
-0.011449681,0.011178492,-0.074906394,-0.00219167012299752
-0.009983926,0.011537799,-0.074906394,0.000533734270987051
-0.010966839,0.011321664,-0.074906394,0.00106605265872049
-0.010477713,0.011440579,-0.074906394,0.00127557822065183
-0.006518796,0.012232031,-0.074906394,0.00736707395306755
-0.007919315,0.012644118,-0.074906394,0.00491584169450473
-0.007482041,0.012016997,-0.074906394,0.00615651778182048
-0.007422605,0.012676766,-0.074906394,0.00225365663993784
-0.008416118,0.012609474,-0.074906394,0.00945423774230052
-0.007994047,0.011993519,-0.074906394,0.00680550228214964
-0.007005005,0.012250484,-0.074906394,0.005076610604214
-0.006874113,0.012480246,-0.074906394,0.00239567053149616
-0.008505286,0.011957369,-0.074906394,0.00799265517866528
-0.009525085,0.011844727,-0.074906394,0.00161971436382125
-0.00901574,0.011908213,-0.074906394,0.00402217824627519
-0.009410296,0.012536493,-0.074906394,0.00892236279877307
-0.008913117,0.012573719,-0.074906394,0.00905415736397662
-0.010379352,0.012214264,-0.074906394,0.0122038014093516
-0.009879112,0.012272051,-0.074906394,0.00975643264169424
-0.010080024,0.011993239,-0.074906394,0.00535096064394927
-0.011425798,0.012080385,-0.074906401,0.0185047733217942
-0.011582037,0.011640051,-0.074906394,0.0109911931226428
-0.011102803,0.011807898,-0.074906394,0.010452383555314
-0.010878926,0.012146304,-0.074906394,0.0154306170165107
-0.010591639,0.011909321,-0.074906394,0.00708454065816176
-0.007876134,0.01243362,-0.074906394,0.00713570993826609
-0.007519105,0.012231696,-0.074906394,0.0053393538638673
-0.007375291,0.012460546,-0.074906394,0.00329019592686903
-0.008377024,0.012401164,-0.074906394,0.0129071514441272
-0.008032054,0.012202978,-0.074906394,0.00797396396446086
-0.008544369,0.012165441,-0.074906394,0.0106087387157942
-0.009568213,0.01206221,-0.074906394,0.00505961668019723
-0.009056369,0.012118937,-0.074906394,0.00680796748544995
-0.009378593,0.012321279,-0.074906394,0.00938864783047786
-0.008877821,0.012363938,-0.074906394,0.0113948827773858
