##ANSYS Fluent 24.1.0,,,
##,,,
##Generated on: 06:26:30,16-Sep-0024,,
##,,,
##Generated from case: FLTG.1-Setup-Output.cas.h5,,,
##,,,
[Name],,,
inlet_vel,,,
[Data],,,
x,y,z,u1
-0.005237015,0.003105579,-0.074906394,0.00301409997621808
-0.005675185,0.002875869,-0.074906394,0.00767907455341637
-0.005594587,0.003878398,-0.074906394,1.42338513501711e-05
-0.005279499,0.003197081,-0.074906394,0.00208457665228019
-0.00612211,0.00266284,-0.074906394,0.0221750141425726
-0.005714571,0.002972098,-0.074906394,0.00651069691784246
-0.005558486,0.003783568,-0.074906394,0.000175480462115768
-0.006064977,0.003702061,-0.074906394,1.8308366977322e-05
-0.005330301,0.003306536,-0.074906394,0.00121246476368768
-0.006580196,0.00247437,-0.074906394,0.0153378870144617
-0.006156232,0.002761104,-0.074906394,0.0193807415108811
-0.005761615,0.003087103,-0.074906394,0.00465771577052664
-0.005514883,0.003669074,-0.074906394,0.000398830446501455
-0.00603333,0.003603,-0.074906394,5.63639407037831e-05
-0.00654488,0.003553416,-0.074906394,0
-0.005329678,0.003447304,-0.074906394,0.000918988145658703
-0.005501305,0.00351839,-0.074906394,0.00068979919342335
-0.007050554,0.00231781,-0.074906394,0.00747345409721903
-0.006608326,0.002574536,-0.074906394,0.0219365960710367
-0.006196947,0.002878456,-0.074906394,0.0152709624340687
-0.005791445,0.003245429,-0.074906394,0.00130923110894163
-0.005995091,0.003483347,-0.074906394,0.000128606798637327
-0.006519183,0.003452644,-0.074906394,0
-0.007032951,0.003434628,-0.074906394,0.000756988520360254
-0.007532655,0.002200614,-0.074906394,0.00502238152344334
-0.005976557,0.003323387,-0.074906394,0.000212351984752345
-0.007072111,0.002419601,-0.074906394,0.0132752047030264
-0.006641861,0.002694084,-0.074906394,0.0269923419864497
-0.006235122,0.003047391,-0.074906394,0.00896822101756152
-0.006488121,0.003330881,-0.074906394,0
-0.007013604,0.003332428,-0.074906394,0.000874832225369811
-0.007527845,0.003349596,-0.074906394,0.00271389425410083
-0.008023618,0.002129277,-0.074906394,0.00972415316751109
-0.007547208,0.002303609,-0.074906394,0.00907546328087803
-0.006461588,0.003155255,-0.074906394,0.00526785082970836
-0.007097794,0.002541028,-0.074906394,0.020093339406735
-0.006688492,0.002877034,-0.074906394,0.0188676672026445
-0.006990208,0.003208898,-0.074906394,0.00391005133103426
-0.007515248,0.003246324,-0.074906394,0.004049758595468
-0.008027535,0.003301936,-0.074906394,0.00537608822244137
-0.008519012,0.002108277,-0.074906394,0.0138535537692371
-0.008030663,0.00223297,-0.074906394,0.0110926133628639
-0.007564539,0.002426427,-0.074906394,0.0136777923687206
-0.006956477,0.003015295,-0.074906394,0.0123984985957335
-0.00715139,0.00274002,-0.074906394,0.0239797575737708
-0.007500012,0.003121462,-0.074906394,0.00818343606776408
-0.00802196,0.003198043,-0.074906394,0.0070198565048286
-0.008529539,0.003292443,-0.074906394,0.00708881631697372
-0.009014025,0.002138737,-0.074906394,0.00710743666346763
-0.008518091,0.002212106,-0.074906394,0.0136158199174781
-0.008039055,0.00235658,-0.074906394,0.0126590403394561
-0.00762277,0.002642433,-0.074906394,0.0208017324042795
-0.007460942,0.002908921,-0.074906394,0.0155939632890731
-0.009504222,0.002217737,-0.074906394,0.00341844793266285
-0.008015217,0.003072406,-0.074906394,0.00929786076056669
-0.00853103,0.003188431,-0.074906394,0.00802088610372475
-0.009031357,0.003319175,-0.074906394,0.00444293918759187
-0.009005189,0.002242132,-0.074906394,0.00796150783902441
-0.008517004,0.002335861,-0.074906394,0.0133274722481612
-0.008056319,0.002558512,-0.074906394,0.0150490066456991
-0.007977989,0.00283708,-0.074906394,0.0137849025622759
-0.009985958,0.002339678,-0.074906394,0.00254175273664885
-0.009488071,0.002320227,-0.074906394,0.00453628596644342
-0.008532837,0.003062637,-0.074906394,0.00908967200634803
-0.009039904,0.00321552,-0.074906394,0.00535266888574113
-0.009530475,0.003380301,-0.074906394,0.00198288212659461
-0.008994679,0.002365403,-0.074906394,0.00893284497531472
-0.008515276,0.002545436,-0.074906394,0.0128265454168161
-0.008581042,0.002820782,-0.074906394,0.0109876570939867
-0.010457029,0.002497993,-0.074906394,0.00258537397561447
-0.00996314,0.0024409,-0.074906394,0.00336092915710253
-0.00946884,0.002442482,-0.074906394,0.00585935484893778
-0.009050245,0.003090154,-0.074906394,0.00657295369313493
-0.00954604,0.003277469,-0.074906394,0.00231232398736797
-0.010024237,0.003475231,-0.074906394,0.00105121607957732
-0.008941409,0.002597024,-0.074906394,0.010772500268314
-0.009089885,0.002860947,-0.074906394,0.00873698565295574
-0.010917083,0.00268583,-0.074906394,0.00256029611754449
-0.010428093,0.002597692,-0.074906394,0.00309286137211177
-0.009935946,0.002561708,-0.074906394,0.00439185344830644
-0.009416598,0.002660304,-0.074906394,0.00831738789477202
-0.009564867,0.003153105,-0.074906394,0.00326699343164846
-0.01004667,0.003373685,-0.074906394,0.00130461575506716
-0.010510212,0.003603409,-0.074906394,0.000873974069224705
-0.011367136,0.002896687,-0.074906394,-0.000199521295590905
-0.009600386,0.002938695,-0.074906394,0.0048520874969319
-0.010882621,0.002783847,-0.074906394,0.00311073429839439
-0.010393579,0.002716748,-0.074906394,0.0033100790344019
-0.009887757,0.002765493,-0.074906394,0.00485043544545195
-0.010073806,0.00325089,-0.074906394,0.0016721386729922
-0.010539274,0.003503582,-0.074906394,0.00121297149329866
-0.010986725,0.00376321,-0.074906394,0.000871479129625201
-0.01180893,0.003125106,-0.074906394,-0.00463647713977307
-0.011327782,0.002992957,-0.074906394,0.00250163631980951
-0.010104352,0.003051913,-0.074906394,0.00258659861923385
-0.010841474,0.002900969,-0.074906394,0.00298164731997023
-0.010351455,0.002907786,-0.074906394,0.00273206948282431
-0.012243981,0.003366777,-0.074906394,-0.00851864598718076
-0.010574427,0.003382872,-0.074906394,0.00164500666177144
-0.01102217,0.003665485,-0.074906394,0.00175916701762759
-0.011452724,0.003952194,-0.074906394,4.58962757570598e-05
-0.011765454,0.003219704,-0.074906394,-0.00274704088208167
-0.011280748,0.003108074,-0.074906394,0.00514012578597141
-0.010599558,0.003197669,-0.074906394,0.00220939229401705
-0.010805882,0.003082604,-0.074906394,0.0026879197008668
-0.012673198,0.00361877,-0.074906394,0.0057764717126083
-0.012197013,0.003459776,-0.074906394,-0.00596687312299317
-0.011065048,0.003547312,-0.074906394,0.00307557212678383
-0.011494304,0.003856903,-0.074906394,0.000976320486457557
-0.011907751,0.004168346,-0.074906394,0.00559649744383135
-0.011713444,0.0033329,-0.074906394,0.000610036143948953
-0.011211345,0.003211342,-0.074906394,0.00662872624436048
-0.01113209,0.003359422,-0.074906401,0.00570036311612201
-0.013097321,0.003879573,-0.074906394,0.00395452934563537
-0.012623054,0.003710151,-0.074906394,0.00607175233612892
-0.012140818,0.003571132,-0.074906394,-0.00199698836374384
-0.011544622,0.003741634,-0.074906394,0.00328825658090219
-0.011955686,0.004076091,-0.074906394,0.00776781447856445
-0.01235101,0.004410455,-0.074906394,0.00363029150837728
-0.011593509,0.003426359,-0.074906394,0.00537420039342547
-0.011644134,0.003622834,-0.074906394,0.00376484198627805
-0.013516854,0.004148263,-0.074906394,0.000286957640228305
-0.013044355,0.003969407,-0.074906394,0.00403042395007921
-0.012563057,0.003819635,-0.074906394,0.00738452012207573
-0.012038769,0.003679125,-0.074906394,0.00283202758235141
-0.01201375,0.003964389,-0.074906394,0.0108114171146275
-0.012406072,0.004322287,-0.074906394,0.00486772618818658
-0.012780298,0.004677862,-0.074906394,0.00241358366298847
-0.012103589,0.003864566,-0.074906394,0.0122131283672507
-0.013932054,0.004423951,-0.074906394,-0.000511022640362442
-0.013461491,0.004236704,-0.074906394,0.000382825756854475
-0.012980909,0.00407707,-0.074906394,0.0040294619261078
-0.012473044,0.003918978,-0.074906394,0.00898503023115015
-0.012472843,0.004215391,-0.074906394,0.00600885272395397
-0.012842936,0.0045949,-0.074906394,0.00255945061381208
-0.013192488,0.004971238,-0.074906394,-0.00143493160103027
-0.014343151,0.004705951,-0.074906394,0.00227040194711589
-0.012567969,0.004105055,-0.074906394,0.00664316030421274
-0.013874557,0.004511079,-0.074906394,-0.0013235422716733
-0.013395115,0.004342727,-0.074906394,0.000381640045658973
-0.012855074,0.004121362,-0.074906394,0.00474139227850975
-0.012918958,0.004494187,-0.074906394,0.00266482930794785
-0.013262762,0.004894611,-0.074906394,-0.00143070042406753
-0.01358271,0.005292913,-0.074906394,-0.00418308661073475
-0.014749989,0.004993889,-0.074906394,-0.00207941221181515
-0.014283638,0.004791756,-0.074906394,0.000220345840545134
-0.013026563,0.004362566,-0.074906394,0.00248294433072095
-0.013805613,0.00461555,-0.074906394,-0.00248781138452114
-0.013324465,0.004427613,-0.074906394,0.000342328814344021
-0.013348118,0.004801476,-0.074906394,-0.00160115669013184
-0.013943776,0.005646087,-0.074906394,-0.00226438328767834
-0.013660491,0.005223795,-0.074906394,-0.0055384725510405
-0.015151975,0.005287919,-0.074906394,-0.0057270408119308
-0.015548345,0.005588873,-0.074906394,-0.00344001972908728
-0.014688436,0.005078253,-0.074906394,-0.00294261062702304
-0.014212283,0.004894642,-0.074906394,-0.00217695234007378
-0.013402465,0.004629342,-0.074906394,-0.000911120619773948
-0.013769941,0.004780024,-0.074906394,-0.00423417443107238
-0.014267355,0.00603415,-0.074906394,-0.00255325670340661
-0.01375505,0.005139676,-0.074906394,-0.00743145844991739
-0.014028646,0.005585637,-0.074906394,-0.0035267691974374
-0.015088146,0.005370562,-0.074906394,-0.00638798224045596
-0.015937921,0.005898255,-0.074906394,-0.00454785317497424
-0.015481851,0.005669363,-0.074906394,-0.00388340610833522
-0.014614683,0.005179405,-0.074906394,-0.00360436540438977
-0.014129357,0.005034441,-0.074906394,-0.00516561458768359
-0.013903835,0.005064507,-0.074906394,-0.00817267386688306
-0.014543164,0.006458671,-0.074906394,0.000348748377862494
-0.01435885,0.005983978,-0.074906394,-0.00360318257046175
-0.014131953,0.005511946,-0.074906394,-0.00453780060182876
-0.015011772,0.005469649,-0.074906394,-0.00693923747577054
-0.016686715,0.006552178,-0.074906394,-0.00652012162889851
-0.016318552,0.006218379,-0.074906394,-0.00425047884524688
-0.018173702,0.008508365,-0.074906394,0.00631258673609613
-0.017940613,0.008075681,-0.074906394,0.00457496839004793
-0.015868319,0.005976025,-0.074906394,-0.00395257428216003
-0.01540241,0.005765858,-0.074906394,-0.00438116633284713
-0.014756916,0.006916895,-0.074906394,0.000922171010044461
-0.014519605,0.005355783,-0.074906394,-0.00472190419614857
-0.014249901,0.005380743,-0.074906394,-0.00496230258884467
-0.0146405,0.006420787,-0.074906394,0.000815981007781799
-0.014470409,0.005922678,-0.074906394,-0.00509981945555011
-0.0149112,0.00563925,-0.074906394,-0.00779396954872035
-0.017037999,0.006902704,-0.074906394,-0.0104632433556985
-0.016609743,0.00662241,-0.074906394,-0.00810345434933774
-0.016245445,0.006292766,-0.074906394,-0.00391083702814962
-0.017670279,0.007663486,-0.074906394,-0.00256266936797043
-0.017367605,0.007272617,-0.074906394,-0.0064925063343327
-0.018365076,0.008959561,-0.074906394,0.00430613355124095
-0.018073626,0.008538424,-0.074906394,0.00709167553519959
-0.017845055,0.008117084,-0.074906394,0.00248422490051169
-0.018261468,0.008976501,-0.074906394,0.00440879771316885
-0.015785243,0.006069216,-0.074906394,-0.00351515845623035
-0.015321767,0.0058358,-0.074906394,-0.00449373169344304
-0.014888159,0.007401153,-0.074906394,0.000323469940304897
-0.01485855,0.006892969,-0.074906394,0.00127450552187247
-0.014652037,0.005790297,-0.074906401,-0.00688019116283579
-0.014759379,0.006374377,-0.074906394,0.00141752177258847
-0.015141162,0.005999576,-0.074906401,-0.00310839564682142
-0.016956788,0.006967825,-0.074906394,-0.0125427202778848
-0.016517896,0.006706366,-0.074906394,-0.00988507433456638
-0.016158195,0.006381804,-0.074906394,-0.00438633302035424
-0.017579608,0.007714432,-0.074906394,-0.00440855856981637
-0.017281789,0.007331397,-0.074906394,-0.00789179187255533
-0.01840226,0.009429742,-0.074906394,0.0014402153348187
-0.01835705,0.009880039,-0.074906394,-0.00432050048473494
-0.018507607,0.009427549,-0.074906394,0.00194358213739004
-0.018480733,0.009896256,-0.074906394,-0.00396998703464759
-0.017954869,0.008574031,-0.074906394,0.0052375639373692
-0.017731505,0.008166249,-0.074906394,-4.81039109702563e-05
-0.018138701,0.008996507,-0.074906394,0.00445747243535038
-0.015630882,0.006116635,-0.074906394,-0.00299258713789837
-0.014915358,0.007898128,-0.074906394,7.08374848515943e-06
-0.014992015,0.007392371,-0.074906394,0.000426618496782143
-0.014982846,0.006863579,-0.074906394,0.00172594145716656
-0.014947033,0.006309427,-0.074906394,0.00210475183379503
-0.015432508,0.006405083,-0.074906401,-0.000831017861972505
-0.016859947,0.007045567,-0.074906394,-0.0141103738727183
-0.016385604,0.006795699,-0.074906394,-0.0116650075260268
-0.015984375,0.006522952,-0.074906401,-0.00475878159869561
-0.017471721,0.007775053,-0.074906394,-0.00665744888627972
-0.017179558,0.007401465,-0.074906394,-0.00932460506321526
-0.018347934,0.010330783,-0.074906394,-0.00777315766652303
-0.018277595,0.009432323,-0.074906394,0.000844790182942492
-0.018271578,0.009888452,-0.074906394,-0.00480491419492044
-0.018585339,0.009910096,-0.074906394,-0.00367553171647355
-0.018216789,0.010757391,-0.074906394,-0.0103439847463858
-0.018467488,0.010366545,-0.074906394,-0.00726414933985846
-0.017751064,0.00866406,-0.074906394,0.00138880297899148
-0.017619127,0.008260731,-0.074906394,-0.0023792107302429
-0.017983224,0.009010041,-0.074906394,0.00317314289289511
-0.014829397,0.008387983,-0.074906394,0.000423706952959259
-0.015658757,0.006810513,-0.074906394,0.000382906493705633
-0.01501909,0.007905096,-0.074906394,8.48699416290996e-06
-0.015119152,0.007381542,-0.074906394,0.000488935592443519
-0.015205684,0.006829494,-0.074906401,0.00170462447098971
-0.016660292,0.007165942,-0.074906394,-0.0131399423830923
-0.016124697,0.007080313,-0.074906401,-0.00962929781361863
-0.017338675,0.007933782,-0.074906394,-0.00649949974269722
-0.016982522,0.007551041,-0.074906394,-0.0112743491332298
-0.017840112,0.011016586,-0.074906394,-0.0161849242367667
-0.018201316,0.010279259,-0.074906394,-0.00829496804724004
-0.018049907,0.010675201,-0.074906394,-0.0117204414240889
-0.018081773,0.009935471,-0.074906394,-0.00622839129984758
-0.018081956,0.009466102,-0.074906401,-0.000455035081764301
-0.017606292,0.009118744,-0.074906401,-0.00465503098761009
-0.018568607,0.010397196,-0.074906394,-0.00680683756125519
-0.017954739,0.011120049,-0.074906394,-0.0143737583138038
-0.018328937,0.010812595,-0.074906394,-0.00926316706642262
-0.017323716,0.008495539,-0.074906401,-0.00436660213704704
-0.014640588,0.00885172,-0.074906394,0.000730317055077116
-0.014930683,0.008410539,-0.074906394,0.000594732548179586
-0.015509181,0.007271022,-0.074906401,0.000592285665866335
-0.015146143,0.007913638,-0.074906394,0.000130949347960666
-0.015235764,0.007340921,-0.074906394,0.000545181728139998
-0.016448993,0.007682648,-0.074906401,-0.00723526969534441
-0.015838237,0.007640004,-0.074906394,-0.00196059215725495
-0.016905265,0.00801826,-0.074906401,-0.00399568432394813
-0.016714958,0.008560299,-0.074906401,-0.00163683579973971
-0.017465992,0.011218159,-0.074906401,-0.0232136543498628
-0.017642885,0.010768622,-0.074906401,-0.0190788297861106
-0.017846042,0.010312571,-0.074906401,-0.0130614481816472
-0.017678607,0.009766487,-0.074906401,-0.0109398148720056
-0.017136618,0.009605303,-0.074906401,-0.0159674222505767
-0.016973058,0.009046256,-0.074906401,-0.00838510212390418
-0.018423632,0.010860053,-0.074906394,-0.0082319776238351
-0.017114595,0.011478582,-0.074906394,-0.0214819402800623
-0.017592024,0.011393969,-0.074906394,-0.0190305742201166
-0.018056393,0.01119281,-0.074906394,-0.0127159552682362
-0.016414657,0.008225796,-0.074906394,0.00116264867928212
-0.014371872,0.009278107,-0.074906394,0
-0.014737516,0.008888994,-0.074906394,0.00127190641364655
-0.015054724,0.00843825,-0.074906394,0.000835718715763576
-0.015372429,0.007860993,-0.074906401,0.000385573217413553
-0.015842056,0.008206203,-0.074906401,0.00199187626364129
-0.016142692,0.008642062,-0.074906401,0.00141820792171367
-0.0164623,0.008985283,-0.074906394,-0.00573597906580465
-0.017044149,0.01128666,-0.074906394,-0.0240502465737436
-0.017163346,0.010867597,-0.074906401,-0.0243223874167368
-0.017279141,0.010262511,-0.074906401,-0.021200088016194
-0.016750928,0.00998436,-0.074906394,-0.0238605368278606
-0.016493266,0.009494937,-0.074906401,-0.0163479781422782
-0.018141799,0.01125538,-0.074906394,-0.0106401688243985
-0.01668337,0.01152254,-0.074906401,-0.0183515549694448
-0.017172245,0.011584437,-0.074906394,-0.0201984299644848
-0.017681206,0.011480521,-0.074906394,-0.0160865918310409
-0.014044326,0.009662372,-0.074906394,0.00224249352439133
-0.014463019,0.009328631,-0.074906394,0
-0.01485613,0.008934751,-0.074906394,0.00206544332946598
-0.015292339,0.008473129,-0.074906394,0.0018037560998503
-0.015979694,0.009156803,-0.074906401,-0.00298444344148488
-0.015568286,0.008803292,-0.074906401,0.00410051099572021
-0.016672235,0.011069466,-0.074906401,-0.0236585825915629
-0.016690081,0.010514013,-0.074906401,-0.025111523519911
-0.016187957,0.010107838,-0.074906401,-0.0210935187678625
-0.015920397,0.009620095,-0.074906394,-0.00751977746879186
-0.016334465,0.011312929,-0.074906394,-0.0165676363197535
-0.017755475,0.011554803,-0.074906394,-0.0134086093965207
-0.01620326,0.011630004,-0.074906394,-0.0094163681556863
-0.016724795,0.011713013,-0.074906394,-0.0160159025021393
-0.01724836,0.011681313,-0.074906394,-0.0191734159608244
-0.013672205,0.010004865,-0.074906394,0.00420722561021772
-0.014128732,0.009724256,-0.074906394,0.00258294057224584
-0.014574425,0.009390539,-0.074906394,0.00126548265311509
-0.015075579,0.009019842,-0.074906394,0.0038502331464477
-0.015357903,0.009404155,-0.074906401,0.00472576633357238
-0.013266686,0.010308545,-0.074906394,0.00707252393359911
-0.016149867,0.010790662,-0.074906401,-0.0194782942828938
-0.015731152,0.010430225,-0.074906394,-0.0118864086671302
-0.01554433,0.009968837,-0.074906401,-0.00193069177932842
-0.015885001,0.011316839,-0.074906401,-0.0117857943136444
-0.015736984,0.011675147,-0.074906394,-0.00395196180714319
-0.017311189,0.011764109,-0.074906394,-0.0184217239255576
-0.016263127,0.01180139,-0.074906394,-0.00705377730743287
-0.016788086,0.011818057,-0.074906394,-0.0154347809696215
-0.013749117,0.010076321,-0.074906394,0.00500127466981684
-0.014231768,0.009799947,-0.074906394,0.00293161306451819
-0.014781946,0.009499181,-0.074906394,0.00377139789788629
-0.014933166,0.009899231,-0.074906401,0.00541076393412435
-0.012836426,0.010575864,-0.074906394,0.00376621737513258
-0.013335459,0.010388127,-0.074906394,0.00822297083449484
-0.015509623,0.010889786,-0.074906401,-0.00951100587860927
-0.015165553,0.010420926,-0.074906401,-8.62696541443608e-06
-0.015347261,0.011378824,-0.074906401,-0.00514156871816161
-0.015253683,0.011736959,-0.074906394,0.000219901346246503
-0.015791457,0.011866553,-0.074906394,-0.00194797454996193
-0.016840108,0.011907343,-0.074906394,-0.0151144138082147
-0.016314752,0.011912824,-0.074906394,-0.00719479471980895
-0.013842906,0.010163598,-0.074906394,0.00560103727763088
-0.014408449,0.009931203,-0.074906394,0.00336414640122588
-0.012387415,0.010808414,-0.074906394,-0.000641573197811425
-0.014540445,0.010361397,-0.074906401,0.00383213840225659
-0.012896854,0.010662086,-0.074906394,0.00416272676005584
-0.013419257,0.010485211,-0.074906394,0.00918416818688114
-0.014816796,0.010947736,-0.074906401,-0.000446577653633101
-0.014816721,0.011550267,-0.074906401,-0.000565072547231607
-0.014833212,0.011846229,-0.074906394,0.00097630992742169
-0.015312831,0.011919469,-0.074906394,0.00111587013367715
-0.015833702,0.011982489,-0.074906394,-0.00214004730263498
-0.016357169,0.012007039,-0.074906394,-0.00729021473657596
-0.011924062,0.011008341,-0.074906394,-0.00154157722283116
-0.014007175,0.010316178,-0.074906394,0.00550264234592175
-0.012439947,0.010899701,-0.074906394,-0.0010573255712562
-0.014107189,0.010755524,-0.074906401,0.00411177745934783
-0.012970424,0.01076713,-0.074906394,0.003881706037814
-0.013568831,0.010655959,-0.074906394,0.00821131630038537
-0.014243481,0.011317222,-0.074906401,-0.000713689777326942
-0.014313747,0.011822239,-0.074906401,-0.00234826175677649
-0.014830913,0.01196651,-0.074906394,0.00152953060998116
-0.015347862,0.012038313,-0.074906394,0.0011952847662138
-0.015868435,0.012080108,-0.074906394,-0.00225376153396115
-0.011969553,0.011103304,-0.074906394,-0.00200006290942111
-0.012503824,0.011010744,-0.074906394,-0.00158818147171154
-0.013611037,0.011104628,-0.074906401,0.000562251166638372
-0.013102649,0.010972021,-0.074906394,0.00194000623631112
-0.013741302,0.011651792,-0.074906401,-0.00476443190411549
-0.01381759,0.011946204,-0.074906394,-0.00497057116129788
-0.014346541,0.012012476,-0.074906394,-0.000584156142133202
-0.014859919,0.012087302,-0.074906394,0.00219238629519298
-0.0153767,0.012138097,-0.074906394,0.00124274519167611
-0.012024803,0.01121866,-0.074906394,-0.00264746696862984
-0.012607942,0.01123429,-0.074906401,-0.00277562287939102
-0.013118627,0.01149244,-0.074906401,-0.00405494433096985
-0.01335966,0.011902804,-0.074906394,-0.00514404768845282
-0.013858736,0.012061223,-0.074906394,-0.00381770117804969
-0.014370603,0.012134641,-0.074906394,0.00053633277123582
-0.014883849,0.01218852,-0.074906394,0.00271066216626244
-0.01207179,0.011398223,-0.074906394,-0.00395755714304041
-0.01231358,0.01161384,-0.074906394,-0.00531516500050027
-0.012660071,0.011679742,-0.074906394,-0.00564123216372287
-0.012877263,0.011963399,-0.074906394,-0.00494401480028192
-0.013368577,0.012114309,-0.074906394,-0.00322521295091008
-0.01387937,0.012184265,-0.074906394,-0.00249291560384564
-0.014390519,0.012236835,-0.074906394,0.0014489141019682
-0.011915701,0.011853307,-0.074906401,-0.00634997498178735
-0.012354314,0.012024545,-0.074906401,-0.00533806231611477
-0.012877932,0.012171343,-0.074906394,-0.00307854722876557
-0.013386831,0.012237833,-0.074906394,-0.0020984074245292
-0.013896494,0.012287058,-0.074906394,-0.00133807873398515
-0.0119077,0.012167776,-0.074906394,-0.00564184106816225
-0.012386288,0.012231194,-0.074906394,-0.00396394626475362
-0.012894111,0.012295155,-0.074906394,-0.00195346538037319
-0.013402013,0.012340953,-0.074906394,-0.00115001073135803
-0.011892475,0.012291775,-0.074906394,-0.00539138273425248
-0.012400794,0.012355216,-0.074906394,-0.00310466137873875
-0.012907593,0.012398459,-0.074906394,-0.00101544875898984
-0.011905966,0.012415937,-0.074906394,-0.00509555579279831
-0.012412902,0.012458637,-0.074906394,-0.00244355030674276
-0.011917228,0.012519438,-0.074906394,-0.00425633698864695
-0.004804029,0.003343692,-0.074906394,0.00118162752267073
-0.004375482,0.003589003,-0.074906394,0.000905958765162773
-0.004843912,0.003421587,-0.074906394,0.00112787569969394
-0.003952929,0.003844959,-0.074906394,0.00364866182132356
-0.004409653,0.003650074,-0.074906394,0.00107536371259018
-0.004891663,0.003514866,-0.074906394,0.000971462304159113
-0.005057339,0.003903333,-0.074906394,0
-0.003535185,0.004108705,-0.074906394,0.00237195969934298
-0.005100171,0.004001346,-0.074906394,0
-0.003985306,0.00389867,-0.074906394,0.00361184372807769
-0.004450598,0.003723261,-0.074906394,0.00121648325546167
-0.004898885,0.003633562,-0.074906394,0.00066686656963474
-0.004993139,0.00375158,-0.074906401,0.000340536172581234
-0.004657669,0.003868622,-0.074906394,0.000871215782742324
-0.004616887,0.004170717,-0.074906394,0.000546030750153848
-0.003120803,0.004376583,-0.074906394,0.000103734266872771
-0.003568726,0.004161604,-0.074906394,0.00219137268613326
-0.005135642,0.004082546,-0.074906394,0
-0.004655206,0.00424663,-0.074906394,0.000362435339009111
-0.004024128,0.003963077,-0.074906394,0.00305917314069269
-0.004490909,0.003834697,-0.074906394,0.00136789532257136
-0.004317521,0.004069821,-0.074906401,0.00146910459593838
-0.00455515,0.004066718,-0.074906394,0.00087669855995818
-0.004174553,0.004431845,-0.074906394,0.000296211688219269
-0.002710169,0.004648786,-0.074906394,-0.00125075566453731
-0.003155279,0.004428775,-0.074906394,8.86371916033489e-05
-0.00360897,0.004225083,-0.074906394,0.00191534746727645
-0.00468693,0.004309496,-0.074906394,0.000236373053989956
-0.004213223,0.004496821,-0.074906394,1.19943683032648e-06
-0.004086182,0.004066782,-0.074906394,0.0022539350400102
-0.003972044,0.004288345,-0.074906394,0.00128186247507421
-0.004134183,0.004320138,-0.074906394,0.000859737744219251
-0.003732826,0.00469255,-0.074906394,0
-0.002306306,0.004928743,-0.074906394,-0.000189026162655591
-0.002745497,0.004700294,-0.074906394,-0.00101122720515707
-0.00319666,0.00449143,-0.074906394,1.03343110327454e-05
-0.003673339,0.004349349,-0.074906401,0.00116078611224863
-0.004245216,0.004550588,-0.074906394,0
-0.003775913,0.004754681,-0.074906394,0
-0.003692188,0.004561275,-0.074906401,0
-0.003456849,0.004593412,-0.074906394,0
-0.003302306,0.00497274,-0.074906394,0
-0.001911358,0.005218653,-0.074906394,0.000961185577080519
-0.002346788,0.004985358,-0.074906394,-0.000101442020165359
-0.002787903,0.004762135,-0.074906394,-0.000756763776463905
-0.003245405,0.004619944,-0.074906401,0
-0.003811546,0.004806066,-0.074906394,0
-0.003349885,0.005031475,-0.074906394,0
-0.003035483,0.004874194,-0.074906394,-0.000114274431605989
-0.003249189,0.004844034,-0.074906401,0
-0.00288656,0.005274806,-0.074906394,0
-0.001522398,0.005514371,-0.074906394,0.00039253736475701
-0.001963285,0.005288361,-0.074906394,0.00075476203140735
-0.002395381,0.005053338,-0.074906394,2.80408984161017e-05
-0.002845717,0.004875136,-0.074906394,-0.000416441578789796
-0.003389216,0.005080026,-0.074906394,0
-0.002938626,0.005329577,-0.074906394,0
-0.00113857,0.005814538,-0.074906394,0
-0.002471155,0.005590598,-0.074906394,1.53636959437906e-05
-0.00278377,0.005148,-0.074906401,0
-0.001583608,0.00559335,-0.074906394,0.000238924230189912
-0.002025605,0.005372058,-0.074906394,0.000537849785868559
-0.0024516,0.005316125,-0.074906394,7.41641359479152e-05
-0.002490994,0.005139665,-0.074906394,3.34365419941983e-05
-0.002981631,0.005374811,-0.074906394,0
-0.002535992,0.005646365,-0.074906394,0
-0.000394727,0.006437149,-0.074906394,0
-0.000762382,0.006121948,-0.074906394,0
-0.001203291,0.005894329,-0.074906394,0
-0.002056411,0.00592346,-0.074906394,0
-0.002387899,0.005514984,-0.074906394,7.87925021281913e-05
-0.001657047,0.005688159,-0.074906394,5.4865129095309e-05
-0.002136732,0.005484958,-0.074906401,0.000278409883914914
-0.002589521,0.005692382,-0.074906394,0
-0.002144933,0.005985292,-0.074906394,0
0.00278849,0.010999601,-0.074906394,-0.00236758628600965
-3.51e-05,0.006759127,-0.074906394,-2.71346406004048e-05
0.002621508,0.011445861,-0.074906394,-0.00153679377045368
0.002793043,0.010521333,-0.074906394,-0.00496919174664697
0.002296801,0.011803588,-0.074906394,-0.00135566547464304
0.002487082,0.009617566,-0.074906394,-0.0106181062636142
0.002680174,0.010055552,-0.074906394,-0.00894772563786635
-0.000463694,0.006513112,-0.074906394,0
-0.000829126,0.006199946,-0.074906394,0
-0.001280918,0.005990086,-0.074906394,0
-0.001686001,0.006304117,-0.074906394,0
-0.001977689,0.005820013,-0.074906394,0
-0.001730724,0.005822555,-0.074906394,0
-0.001793568,0.006364115,-0.074906394,0
-0.002217942,0.006036211,-0.074906394,0
0.002687631,0.010982566,-0.074906394,-0.00296001886811796
0.001334623,0.008101965,-0.074906394,0.00383366409753067
0.000317283,0.007086703,-0.074906394,0
0.001002987,0.007757177,-0.074906394,0.00500108380066052
0.000663344,0.007419254,-0.074906394,0.00254257571592822
-0.000106396,0.006832899,-0.074906394,-2.09315211364655e-06
0.002525066,0.011410356,-0.074906394,-0.00202704268495681
0.002691076,0.010520723,-0.074906394,-0.00544716073660528
0.002240557,0.009208407,-0.074906394,-0.00834440229357222
0.001959313,0.008823142,-0.074906394,0.000621263131596905
0.001655007,0.008456006,-0.074906394,0.00597615551089045
0.001883548,0.012063893,-0.074906394,0.000473761773857722
0.002208785,0.011750136,-0.074906394,-0.00127561918495296
0.001436276,0.012259048,-0.074906394,0.00101296699281171
0.002388667,0.009644304,-0.074906394,-0.0107431469093035
0.002579112,0.010069459,-0.074906394,-0.00907615631649998
-0.000546369,0.006604222,-0.074906394,0
-0.000909155,0.006293523,-0.074906394,0
-0.001383122,0.006740087,-0.074906394,0
-0.001394393,0.006163149,-0.074906394,0
-0.001611226,0.006184454,-0.074906394,0
-0.001499735,0.00678796,-0.074906394,0
-0.001882111,0.006413377,-0.074906394,0
0.002568876,0.010961959,-0.074906394,-0.00366030498341088
0.001251853,0.008162317,-0.074906394,0.00229064976049344
0.000243547,0.007158025,-0.074906394,0
0.000923525,0.007821998,-0.074906394,0.00339647591448941
0.000586889,0.007487658,-0.074906394,0.00154364561150649
-0.000191813,0.006921349,-0.074906394,0
-0.001147701,0.007216801,-0.074906394,0
0.002411574,0.011368304,-0.074906394,-0.00264383748733788
0.002570765,0.010519391,-0.074906394,-0.00601447517543301
0.0021458,0.009246171,-0.074906394,-0.00811275942434989
0.001868628,0.008870087,-0.074906394,0.000605330813382254
0.001568473,0.008510493,-0.074906394,0.00458507142222034
0.001806641,0.011995687,-0.074906394,0.000863367017745857
0.002105071,0.011687279,-0.074906394,-0.00099423077750273
0.000972978,0.012414442,-0.074906394,8.02669889185823e-05
0.001371435,0.012179421,-0.074906394,0.00170073944954621
0.002271976,0.009675501,-0.074906394,-0.0108694049210096
0.00245957,0.010085332,-0.074906394,-0.00925057285807842
-0.000713875,0.006708606,-0.074906394,0
-0.001036168,0.006392221,-0.074906394,0
-0.001185716,0.006631292,-0.074906401,0
-0.001269835,0.007248926,-0.074906394,0
-0.001595544,0.006827152,-0.074906394,0
0.00049967,0.012542211,-0.074906394,0
0.002458348,0.010940741,-0.074906394,-0.00432231185917201
0.001152962,0.008234315,-0.074906394,0.000644234752030171
0.000155211,0.007243483,-0.074906394,0
0.000828469,0.007899487,-0.074906394,0.00176456609245501
0.000495353,0.007569543,-0.074906394,0.000155659889082381
-0.000334903,0.007037116,-0.074906394,0
-0.000747757,0.006984747,-0.074906394,0
-0.000991775,0.007725344,-0.074906394,0
-0.000963703,0.00718914,-0.074906394,0
0.002248897,0.011275665,-0.074906401,-0.00350479587716007
0.002420567,0.010551513,-0.074906394,-0.00651544746494536
0.002262936,0.010890374,-0.074906394,-0.00545700458245533
0.0020332,0.00929064,-0.074906394,-0.00780785310502914
0.001760654,0.008925687,-0.074906394,0.000618415805716236
0.001465253,0.008575294,-0.074906394,0.00303753699754524
0.00171585,0.011915535,-0.074906394,0.00144539241026316
0.002023218,0.011612055,-0.074906394,-0.000908428633253435
0.001921846,0.011452043,-0.074906394,-0.00115746299282929
0.00091977,0.012326437,-0.074906394,0.000861183477064221
0.001294807,0.012085637,-0.074906394,0.00267586300686393
0.002087379,0.00974748,-0.074906394,-0.00937893567222932
0.002276187,0.010146378,-0.074906394,-0.00936150023739252
-0.001117494,0.007739905,-0.074906394,0
-0.001370018,0.007275143,-0.074906394,0
1.86e-05,0.012646402,-0.074906394,0
0.000457101,0.01244827,-0.074906394,0
0.001060731,0.008349178,-0.074906394,-0.00064915142691336
7.75e-07,0.007401748,-0.074906394,0
0.000724994,0.008066972,-0.074906394,-0.000288730970110134
0.00036994,0.00772826,-0.074906394,-0.000360404463190827
-0.000517536,0.007356886,-0.074906401,0
-0.000931685,0.008253546,-0.074906394,0
-0.000798891,0.007681215,-0.074906394,0
0.002070283,0.010514289,-0.074906401,-0.00671336787573799
0.001867201,0.011019091,-0.074906401,-0.00321244459902307
0.001869144,0.009358211,-0.074906394,-0.00736485534304735
0.001681924,0.008998255,-0.074906394,0.000138653091150645
0.001654679,0.009640059,-0.074906401,-0.00594992928483559
0.00186185,0.010081897,-0.074906401,-0.00751824218457565
0.001325647,0.008712205,-0.074906401,0.000916256730862024
0.00150601,0.009173595,-0.074906401,-0.00170001251187563
0.001075766,0.009003477,-0.074906394,-0.000322717805972534
0.001618394,0.01175331,-0.074906401,0.00211743029458323
0.001557759,0.011406144,-0.074906394,0.00125843780197688
0.000856857,0.012222461,-0.074906394,0.00165570186231185
0.001222309,0.011933999,-0.074906394,0.00431788481549154
-0.000468203,0.01272942,-0.074906394,0.000422116932083368
-0.001058449,0.00824914,-0.074906394,0
-0.001220461,0.007751721,-0.074906394,0
-0.000959076,0.012795033,-0.074906394,0.000535661277213491
-1.46e-05,0.012548451,-0.074906394,0
0.000406753,0.012336951,-0.074906394,0.000423377875419286
0.000790218,0.008589985,-0.074906401,-0.000549725080457093
2.32e-05,0.007863094,-0.074906394,-0.000180513086805573
0.000324288,0.008219811,-0.074906401,-0.000876333373571613
-0.000435453,0.007866736,-0.074906394,0
-0.000977755,0.008783086,-0.074906394,5.69082156866517e-05
-0.000708655,0.008231595,-0.074906394,1.82303805005292e-06
0.001542021,0.010534939,-0.074906401,-0.00358895539823727
0.001278893,0.01102356,-0.074906401,0.00318613348350207
0.001098245,0.00951699,-0.074906401,0.00114747464677962
0.001260395,0.010028406,-0.074906401,-0.00139623927012476
0.00060583,0.009224666,-0.074906401,0.00513937881594576
0.00111254,0.011610703,-0.074906401,0.00646998258489447
0.000809675,0.012017111,-0.074906394,0.00314890881234669
-0.000493734,0.012628913,-0.074906394,0.000602956225210843
-0.001452774,0.012846621,-0.074906394,0.000288870139924744
-0.001102665,0.00875926,-0.074906394,0
-0.001249238,0.009249964,-0.074906394,0.0018716809225816
-0.00116216,0.008245471,-0.074906394,0
-0.001948367,0.012886451,-0.074906394,8.53897100462458e-05
-0.000978495,0.01269296,-0.074906394,0.000762663491399041
-5.39e-05,0.012432065,-0.074906394,0
0.000355836,0.012134555,-0.074906394,0.00155075611661868
0.000547015,0.011703841,-0.074906401,0.00429618001305335
0.000711678,0.011112135,-0.074906401,0.00869429662894961
0.000169436,0.008825426,-0.074906401,0.00156736412738399
-0.000286849,0.008417624,-0.074906401,0.000410314977235627
-0.001129131,0.009292515,-0.074906394,0.001863257135261
-0.00074503,0.00879425,-0.074906394,7.30869101974626e-05
3.04e-05,0.009475363,-0.074906401,0.00501698265925944
0.000919634,0.010513882,-0.074906401,0.00359105371821254
0.000562364,0.009917009,-0.074906401,0.006448086622239
-0.001375829,0.009763286,-0.074906394,0.00566116530170649
-0.000523923,0.012509213,-0.074906394,0.000844445260294232
-0.001467404,0.012743608,-0.074906394,0.000432818807589862
-0.001488603,0.009703592,-0.074906394,0.00404884319081039
-0.001204819,0.008739771,-0.074906394,0
-0.001347498,0.009215213,-0.074906394,0.00171148553648539
-0.002445194,0.012916747,-0.074906394,0.00125969739703783
-0.001959172,0.01278287,-0.074906394,0.000201806017695215
-0.002942914,0.01293998,-0.074906394,0.00226454280876341
-0.001001457,0.012571165,-0.074906394,0.00103107572224343
6.38e-05,0.011834799,-0.074906401,0.00468783445984714
-0.000100101,0.012234013,-0.074906394,0.00178059184028506
-0.000145352,0.010117169,-0.074906401,0.00215510653420005
0.000266849,0.010599387,-0.074906401,0.00464825014077931
0.000144759,0.011233356,-0.074906401,0.00724658876587383
-0.000275709,0.011442418,-0.074906394,0.00395345060861214
-0.000430196,0.009077216,-0.074906401,0.00175590752235209
-0.000602496,0.009667076,-0.074906401,0.00284084458998574
-0.000909915,0.009350538,-0.074906394,0.00171849248480281
-0.001700486,0.010185015,-0.074906394,0.00518287662170833
-0.00114846,0.009910384,-0.074906401,0.0066551831484556
-0.00073175,0.010198379,-0.074906394,0.00212532662437947
-0.000444623,0.01082211,-0.074906401,-0.000247685959667602
-0.000406882,0.011935688,-0.074906401,0.00385243496377196
-0.000564552,0.012310793,-0.074906394,0.00161740304632455
-0.001484711,0.012620518,-0.074906394,0.000590064347723354
-0.002082441,0.010555455,-0.074906394,0.00748810193322038
-0.001804147,0.010110458,-0.074906394,0.00316277923908499
-0.001580946,0.009654829,-0.074906394,0.00289602278051567
-0.003940001,0.012971796,-0.074906394,0.000616430993927922
-0.002452956,0.012812831,-0.074906394,0.0024251833754593
-0.001971972,0.012658976,-0.074906394,0.000400990951872715
-0.003441246,0.012958075,-0.074906394,0.00146842398171586
-0.002948376,0.012835906,-0.074906394,0.00451497709116072
-0.001035538,0.012372759,-0.074906394,0.00137583369409976
-0.000709056,0.011464532,-0.074906401,0.000310956603204174
-0.001136384,0.010524706,-0.074906401,0.00677003963587843
-0.001583375,0.010379165,-0.074906394,0.00801645138570192
-0.001037962,0.011062441,-0.074906394,0.000801760833728996
-0.001216575,0.011539499,-0.074906401,0.000615029308731865
-0.000871198,0.011992835,-0.074906401,0.00219530198128368
-0.001983845,0.010658321,-0.074906394,0.00852973972499374
-0.001517172,0.01242275,-0.074906394,0.000797965088529863
-0.002175954,0.010468427,-0.074906394,0.00580278123389925
-0.002504764,0.010877075,-0.074906394,0.00601990416443046
-0.002955651,0.011153596,-0.074906394,0.00359164281457505
-0.001889126,0.010049496,-0.074906394,0.00127343298139332
-0.004439126,0.012980939,-0.074906394,0.000381764294549917
-0.004938533,0.012984809,-0.074906394,0.000279213458799353
-0.003942187,0.012867741,-0.074906394,0.00160802316687988
-0.00643717,0.012956986,-0.074906394,8.86752403218397e-05
-0.005937702,0.01297345,-0.074906394,5.53856188518394e-05
-0.005438095,0.012982581,-0.074906394,9.01768823864553e-05
-0.002462175,0.012688437,-0.074906394,0.00386376351698806
-0.002014964,0.012452772,-0.074906394,0.00113865149924998
-0.003444932,0.012853974,-0.074906394,0.00321377099352366
-0.002954881,0.012711245,-0.074906394,0.0072419258806538
-0.001342503,0.012064953,-0.074906401,0.00069245193310548
-0.001689213,0.01099663,-0.074906401,0.00641072435192607
-0.001649382,0.011642313,-0.074906394,0.00295684594493885
-0.002147273,0.011563043,-0.074906401,0.00632981723019501
-0.002367417,0.011057436,-0.074906401,0.00690737161958695
-0.001860053,0.012105419,-0.074906401,0.0019991602146106
-0.002755093,0.011584007,-0.074906401,0.00645977293755933
-0.002908411,0.011284481,-0.074906394,0.00446520050966603
-0.003427352,0.011387439,-0.074906394,0.00200110719129817
-0.002252704,0.010397179,-0.074906394,0.00456780977174082
-0.002587652,0.01077985,-0.074906394,0.00497928415768789
-0.003027828,0.01104821,-0.074906394,0.00257395570003734
-0.006936318,0.012933657,-0.074906394,0.000131455351081339
-0.010425232,0.012681261,-0.074906394,-0.0015565767975766
-0.009926857,0.012724888,-0.074906394,-0.00217606977339058
-0.00444,0.012876951,-0.074906394,0.00115022701898871
-0.0049382,0.012880884,-0.074906394,0.00088711569417607
-0.003944804,0.01274303,-0.074906394,0.00279350504211718
-0.006433436,0.012853208,-0.074906394,0.00020968703395731
-0.005935068,0.012869627,-0.074906394,0.000153012643829394
-0.005436598,0.012878709,-0.074906394,0.000279401675558322
-0.002447012,0.01217392,-0.074906401,0.00715309962892704
-0.002441522,0.012541967,-0.074906394,0.00529834990413879
-0.003449332,0.012729232,-0.074906394,0.00528143049539394
-0.002905424,0.012507865,-0.074906394,0.0110585674211098
-0.003085175,0.012084592,-0.074906401,0.00984087651895555
-0.003303132,0.011606808,-0.074906401,0.00351885946945215
-0.003914483,0.011580499,-0.074906394,0.00170321384985357
-0.003489009,0.011275657,-0.074906394,0.00125907680425257
-0.002655753,0.01070015,-0.074906394,0.00410475525038981
-0.003087188,0.010961717,-0.074906394,0.0017328168093973
-0.011420568,0.012578125,-0.074906394,-0.00449100162643006
-0.010923209,0.012632442,-0.074906394,-0.00306004539820777
-0.004412742,0.011735258,-0.074906394,0.00307784724393581
-0.007933529,0.012872127,-0.074906394,0.000162162984629564
-0.007435095,0.012904764,-0.074906394,0.000143808579461053
-0.008431775,0.01283755,-0.074906394,7.48256076108973e-05
-0.006931556,0.01282992,-0.074906394,0.000269816839684341
-0.008930034,0.012801843,-0.074906394,-0.00180589049619297
-0.009428399,0.012764625,-0.074906394,-0.00268841326115778
-0.010415855,0.012577584,-0.074906394,-0.00198385251700699
-0.009918077,0.01262117,-0.074906394,-0.00294623702658075
-0.004918605,0.011853862,-0.074906394,0.00416465073214244
-0.004441051,0.012752307,-0.074906394,0.00207068882941149
-0.004937808,0.012756312,-0.074906394,0.00161651310345193
-0.004390765,0.012109051,-0.074906401,0.00401197070465227
-0.003918374,0.011794026,-0.074906401,0.00265122879075304
-0.003925124,0.012613609,-0.074906394,0.00406885107152701
-0.00440471,0.011843118,-0.074906394,0.00354308590282019
-0.005942097,0.011992019,-0.074906394,0.00455498783870311
-0.005429155,0.011938278,-0.074906394,0.00323900496201179
-0.006428964,0.012728827,-0.074906394,0.000353606690483758
-0.005931918,0.012745191,-0.074906394,0.000270641416148045
-0.005434813,0.012754209,-0.074906394,0.000509499884016236
-0.003542369,0.012038576,-0.074906394,0.0053604033406363
-0.00393675,0.012306708,-0.074906401,0.00527646133661306
-0.003464845,0.012486634,-0.074906401,0.00913471212760955
-0.003966085,0.01146382,-0.074906394,0.00122477426665862
-0.003539769,0.011183813,-0.074906394,0.000717351148570193
-0.011409914,0.012474561,-0.074906394,-0.00546585429249108
-0.010913193,0.012528818,-0.074906394,-0.00381489387846563
-0.00445493,0.011614922,-0.074906394,0.00247972047419821
-0.00495206,0.011730957,-0.074906394,0.00374912936808914
-0.005454586,0.011813696,-0.074906394,0.00375657427754516
-0.005960285,0.011866328,-0.074906394,0.00581002901254924
-0.006467463,0.011893505,-0.074906394,0.00622308915661429
-0.011488697,0.011276209,-0.074906394,-0.00162242920932534
-0.006975008,0.011900004,-0.074906394,0.00342091073605924
-0.010999732,0.011421516,-0.074906394,0.000460046012911484
-0.010504998,0.011542,-0.074906394,0.00199734052014994
-0.010006043,0.011640376,-0.074906394,0.00353396999929161
-0.006455785,0.012019916,-0.074906394,0.00491047494874036
-0.007927066,0.012768423,-0.074906394,0.000269124301617774
-0.00748232,0.011890114,-0.074906394,-3.3132325088126e-05
-0.007429414,0.01280106,-0.074906394,0.000260666292066443
-0.008424657,0.012733822,-0.074906394,0.00011729937435867
-0.007989078,0.011866719,-0.074906394,-0.000697358323482773
-0.006969248,0.012026781,-0.074906394,0.00282811006872286
-0.006925851,0.012705592,-0.074906394,0.000436318127866271
-0.008495113,0.011830849,-0.074906394,-9.90865568776422e-06
-0.009504114,0.01171946,-0.074906394,0.00383549273331398
-0.009000257,0.011782194,-0.074906394,0.00250956064087865
-0.008922343,0.012698101,-0.074906394,-0.00257048159422944
-0.00942017,0.012660888,-0.074906394,-0.00373518469483786
-0.010404608,0.012453234,-0.074906394,-0.00247984414141551
-0.009907544,0.012496784,-0.074906394,-0.00389425358137619
-0.01003283,0.011764627,-0.074906394,0.00394311311610724
-0.004883325,0.012037274,-0.074906401,0.00403916448620212
-0.004406465,0.012565418,-0.074906401,0.00349492282202932
-0.004802339,0.012345705,-0.074906394,0.00393230905341299
-0.004964295,0.012597534,-0.074906394,0.00245235373221134
-0.00533126,0.012344402,-0.074906401,0.00191427745055161
-0.005941669,0.012199722,-0.074906401,0.00263273822596065
-0.00538573,0.012055341,-0.074906394,0.00283954295705165
-0.00640208,0.012465708,-0.074906394,0.000643230999678215
-0.005862596,0.012544719,-0.074906394,0.000488558958132941
-0.005406264,0.012642264,-0.074906394,0.000804546271804459
-0.004008607,0.011367855,-0.074906394,0.000808827630912465
-0.011397144,0.01235032,-0.074906394,-0.00582374588136809
-0.011536038,0.011394798,-0.074906394,-0.00265092505098135
-0.011039616,0.011542605,-0.074906394,-0.000469058402552725
-0.010901185,0.012404519,-0.074906394,-0.00445715305978761
-0.010538065,0.011664912,-0.074906394,0.00192528735761173
-0.004489726,0.011515859,-0.074906394,0.00198300430246259
-0.004979677,0.011629691,-0.074906394,0.00326108629820531
-0.005475599,0.01171097,-0.074906394,0.0038107817354871
-0.005975328,0.011762619,-0.074906394,0.00650756903127679
-0.006477131,0.011789143,-0.074906394,0.00707831282496075
-0.006979783,0.011795299,-0.074906394,0.00381295335563494
-0.007482563,0.011785291,-0.074906394,-9.54612684463041e-05
-0.007984978,0.011761953,-0.074906394,-0.000717585470757147
-0.008486711,0.011726317,-0.074906394,0.000136619642295023
-0.008987466,0.011678093,-0.074906394,0.00264581240210578
-0.009486794,0.011616002,-0.074906394,0.0036698188871718
-0.011449681,0.011178492,-0.074906394,-0.000840534739206914
-0.009983926,0.011537799,-0.074906394,0.00320688273427014
-0.010966839,0.011321664,-0.074906394,0.00118882355878643
-0.010477713,0.011440579,-0.074906394,0.00196708474213967
-0.006518796,0.012232031,-0.074906394,0.00273668034702684
-0.007919315,0.012644118,-0.074906394,0.000399558241682263
-0.007482041,0.012016997,-0.074906394,0.000137613307402509
-0.007422605,0.012676766,-0.074906394,0.000400930027184493
-0.008416118,0.012609474,-0.074906394,0.000170668482282536
-0.007994047,0.011993519,-0.074906394,-0.000403320156400498
-0.007005005,0.012250484,-0.074906394,0.00155967188505875
-0.006874113,0.012480246,-0.074906394,0.000751864653019161
-0.008505286,0.011957369,-0.074906394,2.69777969606921e-05
-0.009525085,0.011844727,-0.074906394,0.00350567909033894
-0.00901574,0.011908213,-0.074906394,0.00123912339455636
-0.009410296,0.012536493,-0.074906394,-0.004994792548037
-0.008913117,0.012573719,-0.074906394,-0.00344840321532785
-0.010379352,0.012214264,-0.074906394,-0.000568741926663084
-0.009879112,0.012272051,-0.074906394,-0.00241320953048208
-0.010080024,0.011993239,-0.074906394,0.00187673564990911
-0.011425798,0.012080385,-0.074906401,-0.00560913981263426
-0.011582037,0.011640051,-0.074906394,-0.00460889965715278
-0.011102803,0.011807898,-0.074906394,-0.00246941806413791
-0.010878926,0.012146304,-0.074906394,-0.00271882470559909
-0.010591639,0.011909321,-0.074906394,0.00079977137171574
-0.007876134,0.01243362,-0.074906394,0.000639148933984663
-0.007519105,0.012231696,-0.074906394,0.000399806107408757
-0.007375291,0.012460546,-0.074906394,0.000648132772529753
-0.008377024,0.012401164,-0.074906394,0.000258259015406265
-0.008032054,0.012202978,-0.074906394,7.39290261678938e-05
-0.008544369,0.012165441,-0.074906394,-0.000159200476917069
-0.009568213,0.01206221,-0.074906394,1.71459331599941e-05
-0.009056369,0.012118937,-0.074906394,-0.00174585852478415
-0.009378593,0.012321279,-0.074906394,-0.00454024799549422
-0.008877821,0.012363938,-0.074906394,-0.00360153319532488
